regime,replicate,lambda,coefficient_0,coefficient_1,coefficient_2,coefficient_3,test_rmse
moderate,0,0.0,1.0421081849019278,0.517508656474668,-1.2369310733707306,2.056067009748198,0.31975527566041456
moderate,0,1.7634687072166717e-10,1.0421081849027476,0.5175086564703347,-1.2369310733667032,2.056067009744768,0.31975527566077366
moderate,0,9.62077067584526e-10,1.0421081849063998,0.5175086564510274,-1.2369310733487595,2.0560670097294875,0.31975527566237383
moderate,0,5.248702628996048e-09,1.042108184926326,0.5175086563456931,-1.2369310732508654,2.0560670096461218,0.3197552756711031
moderate,0,2.86347946706563e-08,1.0421081850350353,0.5175086557710331,-1.2369310727167937,2.0560670091913114,0.31975527571872686
moderate,0,1.5621983636506516e-07,1.0421081856281087,0.5175086526359208,-1.2369310698031153,2.0560670067100495,0.3197552759785424
moderate,0,8.522721239882489e-07,1.0421081888636778,0.5175086355320181,-1.2369310539072667,2.056066993173294,0.3197552773959928
moderate,0,4.649651351765695e-06,1.0421082065156284,0.5175085422200677,-1.236930967185968,2.0560669193222427,0.31975528512905443
moderate,0,2.5366613648946108e-05,1.0421083028174678,0.5175080331482222,-1.2369304940699724,2.0560665164209313,0.3197553273183253
moderate,0,0.0001383899650391084,1.0421088281997493,0.5175052558687402,-1.2369279129488342,2.0560643183575804,0.3197555575103023
moderate,0,0.0007549995710334528,1.0421116944270357,0.5174901044615005,-1.2369138316364818,2.0560523267022024,0.3197568140709779
moderate,0,0.0041189717195145815,1.0421273300461618,0.5174074535766199,-1.2368370168049008,2.055986907695863,0.31976369097681145
moderate,0,0.02247144061676445,1.0422125913256828,0.516956813147823,-1.2364181574926012,2.055630085655257,0.319801851423796
moderate,0,0.12259507415415831,1.0426765457067018,0.5145062923256674,-1.2341393004745729,2.0536857141680485,0.32002906645254997
moderate,0,0.6688290467523932,1.0451726415099132,0.5013711181517433,-1.2218903789941957,2.0431461077896045,0.32181757531799726
moderate,0,3.6488602569562834,1.0578310684659806,0.43608294002270265,-1.1600820257357676,1.9875945169390867,0.34505818945128813
moderate,0,19.906702975063904,1.1074797905755158,0.20576482301795385,-0.9235746851271016,1.7323445920447285,0.5927860692021798
moderate,0,108.60290486103037,1.208117220724275,-0.07510943650284062,-0.4846067386360975,1.0235996090970447,1.3939078215141447
moderate,0,592.493440979578,1.295651493437846,-0.0703790785765736,-0.15203578106206347,0.3182615537072129,2.204280575843575
moderate,0,3232.404124484761,1.3293507681210393,-0.018301225985076258,-0.03282251797098263,0.06694979236324837,2.511763009534139
moderate,0,17634.687072166715,1.3369991448885215,-0.0035939027471799325,-0.006227745825344543,0.012614283868252259,2.5802765091037005
moderate,1,0.0,0.9796509949768024,0.6000835987060309,-1.2545128245224964,1.9060432829075964,0.3098644235393778
moderate,1,1.7634687072166717e-10,0.9796509949776464,0.600083598701446,-1.2545128245183164,1.9060432829044052,0.30986442353759497
moderate,1,9.62077067584526e-10,0.9796509949814075,0.6000835986810176,-1.2545128244996924,1.906043282890185,0.30986442352965216
moderate,1,5.248702628996048e-09,0.9796509950019261,0.6000835985695688,-1.2545128243980876,1.9060432828126055,0.3098644234863187
moderate,1,2.86347946706563e-08,0.9796509951138666,0.6000835979615501,-1.2545128238437733,1.9060432823893638,0.30986442324990887
moderate,1,1.5621983636506516e-07,0.9796509957245694,0.6000835946444464,-1.2545128208196588,1.9060432800803309,0.3098644219601529
moderate,1,8.522721239882489e-07,0.9796509990563163,0.6000835765476731,-1.2545128043213156,1.9060432674831822,0.3098644149237669
moderate,1,4.649651351765695e-06,0.9796510172329744,0.6000834778190226,-1.2545127143130506,1.9060431987582462,0.30986437653612964
moderate,1,2.5366613648946108e-05,0.9796511163974029,0.6000829391958722,-1.2545122232647108,1.9060428238229372,0.30986416710967635
moderate,1,0.0001383899650391084,0.9796516573967462,0.6000800006969332,-1.2545095443123275,1.9060407783305857,0.3098630245918129
moderate,1,0.0007549995710334528,0.9796546088224785,0.6000639697562109,-1.2544949292829717,1.906029619035472,0.30985679231075813
moderate,1,0.0041189717195145815,0.9796707091927892,0.599976520925886,-1.2544152030239815,1.905968740892183,0.3098228163159066
moderate,1,0.02247144061676445,0.9797585042705417,0.5994997177265396,-1.2539804695520804,1.9056366872804658,0.30963819519415386
moderate,1,0.12259507415415831,0.9802362317108781,0.5969068455122833,-1.2516152887234748,1.9038273031464632,0.3086529218057845
moderate,1,0.6688290467523932,0.9828059955251032,0.5830062498464127,-1.2389035911945079,1.8940200124886428,0.30392620884835625
moderate,1,3.6488602569562834,0.9958262838662852,0.5138481882176688,-1.1747932823820166,1.84234438895946,0.2961989723816537
moderate,1,19.906702975063904,1.0466658379045048,0.2685773317958862,-0.9301392039082084,1.6051836433996933,0.49275219542242676
moderate,1,108.60290486103037,1.14806079340526,-0.04105825484445939,-0.4812122700093109,0.9479904463371818,1.2676887683731868
moderate,1,592.493440979578,1.2340221632202801,-0.05944662830656524,-0.14915126342651322,0.29470917543785746,2.0319127486695585
moderate,1,3232.404124484761,1.2666623223032347,-0.015925947445987566,-0.032075568271730304,0.061995255068158596,2.3184629375986163
moderate,1,17634.687072166715,1.274044131841426,-0.0031426455993125266,-0.006081121201121272,0.01168081467297445,2.3821667406514155
moderate,2,0.0,1.0048704083403495,0.4806394339461675,-1.1949064058520458,1.9739158406814479,0.2953755024350281
moderate,2,1.7634687072166717e-10,1.0048704083411375,0.4806394339420345,-1.1949064058481802,1.9739158406781565,0.2953755024340368
moderate,2,9.62077067584526e-10,1.0048704083446487,0.4806394339236198,-1.1949064058309573,1.973915840663492,0.2953755024296206
moderate,2,5.248702628996048e-09,1.0048704083638038,0.48063943382315594,-1.1949064057369958,1.9739158405834878,0.29537550240552696
moderate,2,2.86347946706563e-08,1.0048704084683069,0.48063943327506614,-1.1949064052243787,1.9739158401470183,0.29537550227408216
moderate,2,1.5621983636506516e-07,1.0048704090384326,0.4806394302849103,-1.1949064024277503,1.9739158377658166,0.2953755015569724
moderate,2,8.522721239882489e-07,1.0048704121488083,0.48063941397183235,-1.194906387170476,1.9739158247749455,0.2953754976447131
moderate,2,4.649651351765695e-06,1.004870429117756,0.4806393249743003,-1.1949063039329793,1.9739157539020196,0.29537547630104255
moderate,2,2.5366613648946108e-05,1.0048705216934088,0.48063883944015745,-1.1949058498231855,1.9739153672481498,0.2953753598595447
moderate,2,0.0001383899650391084,1.0048710267471914,0.4806361905723975,-1.194903372391845,1.9739132578241385,0.2953747246293025
moderate,2,0.0007549995710334528,1.0048737820723281,0.4806217397142291,-1.1948898567589332,1.973901749745513,0.2953712598855927
moderate,2,0.0041189717195145815,1.0048888127109157,0.4805429103468741,-1.1948161277452471,1.9738389688319384,0.2953523819057485
moderate,2,0.02247144061676445,1.0049707751469183,0.48011310683898967,-1.194414094483579,1.9734965360010672,0.29525011298584
moderate,2,0.12259507415415831,1.0054167823799867,0.47777591574948897,-1.19222676885286,1.9716305724257464,0.29471360404463504
moderate,2,0.6688290467523932,1.0078164301187793,0.46524883335467576,-1.1804694548566774,1.9615159573406158,0.29241551661902954
moderate,2,3.6488602569562834,1.0199886803252052,0.40300023062806684,-1.1211315510149271,1.9082037177211837,0.296695213844618
moderate,2,19.906702975063904,1.0677871664941148,0.1837412881207695,-0.8938794341785893,1.6632297010283368,0.5141797468838538
moderate,2,108.60290486103037,1.1650713450784507,-0.0809949130703687,-0.47066706728763086,0.982908118784346,1.3067362259265427
moderate,2,592.493440979578,1.2501954928660102,-0.07074122259662718,-0.14805803016368518,0.3056684666848025,2.10480613572024
moderate,2,3232.404124484761,1.2830633627053087,-0.018279217125728615,-0.03198884672966434,0.06430617580969344,2.4061121069872553
moderate,2,17634.687072166715,1.2905283537323322,-0.003585790162029688,-0.006070529696567846,0.012116430171682072,2.4731728378281534
moderate,3,0.0,1.039794803937129,0.4080803236865354,-1.1516993135000388,1.9967724212374445,0.3096596378404535
moderate,3,1.7634687072166717e-10,1.0397948039378788,0.40808032368269376,-1.1516993134963833,1.9967724212341227,0.3096596378413056
moderate,3,9.62077067584526e-10,1.0397948039412197,0.4080803236655787,-1.1516993134800966,1.9967724212193225,0.3096596378451015
moderate,3,5.248702628996048e-09,1.039794803959446,0.40808032357220336,-1.1516993133912414,1.9967724211385791,0.3096596378658109
moderate,3,2.86347946706563e-08,1.0397948040588818,0.408080323062787,-1.1516993129064836,1.996772420698076,0.3096596379787928
moderate,3,1.5621983636506516e-07,1.039794804601363,0.408080320283618,-1.1516993102618418,1.99677241829487,0.3096596385951762
moderate,3,8.522721239882489e-07,1.0397948075609198,0.4080803051215971,-1.1516992958337482,1.9967724051839517,0.3096596419579159
moderate,3,4.649651351765695e-06,1.0397948237070618,0.40808022240376607,-1.1516992171199243,1.9967723336560967,0.3096596603036822
moderate,3,2.5366613648946108e-05,1.0397949117938228,0.40807977112910687,-1.1516987876894396,1.9967719434292004,0.3096597603914085
moderate,3,0.0001383899650391084,1.0397953923581156,0.40807730916659574,-1.1516964448979499,1.996769814512214,0.3096603064491106
moderate,3,0.0007549995710334528,1.0397980140810477,0.40806387796952065,-1.1516836637918606,1.9967582000881217,0.3096632861027095
moderate,3,0.0041189717195145815,1.0398123159153867,0.40799061091807926,-1.1516139416527627,1.9966948390058519,0.3096795592648097
moderate,3,0.02247144061676445,1.0398903045289452,0.4075911370341791,-1.1512337561946542,1.996349241280043,0.30976885568169704
moderate,3,0.12259507415415831,1.0403146986102778,0.4054189338138191,-1.1491652648630006,1.9944660193911106,0.31027129454326724
moderate,3,0.6688290467523932,1.0425983779015024,0.3937779549563393,-1.138045768394521,1.9842574938645081,0.313450291978722
moderate,3,3.6488602569562834,1.0541909736816586,0.3359812460939216,-1.0819012201458473,1.9304406918494337,0.34125069919369133
moderate,3,19.906702975063904,1.099880250695041,0.1333712934078693,-0.866372121081578,1.6829807795594296,0.5785840434453172
moderate,3,108.60290486103037,1.1940721350317127,-0.10346579255992013,-0.46111975052104803,0.9949364792930158,1.333800195968725
moderate,3,592.493440979578,1.278083465623312,-0.07674099631025778,-0.1463378343479731,0.30946877713028337,2.1110462778880263
moderate,3,3232.404124484761,1.3108394714048777,-0.019502955909460763,-0.03170336297152501,0.06510893883796277,2.4079437980305345
moderate,3,17634.687072166715,1.3182971956452905,-0.0038151635276723233,-0.006019734153509071,0.012267807229172305,2.474210201839376
moderate,4,0.0,0.9998661903701791,0.5409943907794925,-1.1751087179608497,2.005865715112368,0.2746508438153451
moderate,4,1.7634687072166717e-10,0.9998661903709679,0.540994390775238,-1.1751087179569597,2.005865715109019,0.2746508438167911
moderate,4,9.62077067584526e-10,0.9998661903744828,0.5409943907562826,-1.1751087179396276,2.0058657150941004,0.27465084382323346
moderate,4,5.248702628996048e-09,0.999866190393659,0.5409943906528693,-1.1751087178450692,2.005865715012707,0.274650843858381
moderate,4,2.86347946706563e-08,0.9998661904982764,0.5409943900886885,-1.1751087173291972,2.0058657145686594,0.2746508440501312
moderate,4,1.5621983636506516e-07,0.9998661910690265,0.5409943870107473,-1.1751087145148107,2.0058657121461136,0.2746508450962423
moderate,4,8.522721239882489e-07,0.9998661941828076,0.5409943702187464,-1.1751086991606576,2.005865698929688,0.2746508508034018
moderate,4,4.649651351765695e-06,0.9998662111703343,0.5409942786084055,-1.1751086153946282,2.005865626826228,0.2746508819393784
moderate,4,2.5366613648946108e-05,0.9998663038473454,0.5409937788198431,-1.1751081584013778,2.0058652334590628,0.274651051805457
moderate,4,0.0001383899650391084,0.9998668094540798,0.5409910521859344,-1.1751056652391736,2.0058630874100825,0.27465197854996787
moderate,4,0.0007549995710334528,0.999869567795348,0.5409761770727806,-1.1750920637882747,2.00585137952198,0.27465703520732765
moderate,4,0.0041189717195145815,0.9998846148723799,0.5408950333091166,-1.1750178666825097,2.0057875085738033,0.27468464355074773
moderate,4,0.02247144061676445,0.9999666665036587,0.5404526083600377,-1.1746132825581712,2.0054391302930643,0.27483589552400844
moderate,4,0.12259507415415831,1.000413145931633,0.5380467072348039,-1.1724121252296802,2.0035407704980837,0.2756797099165638
moderate,4,0.6688290467523932,1.002814949105546,0.525149093466236,-1.1605818280445126,1.9932505889321288,0.2808113272165818
moderate,4,3.6488602569562834,1.0149876942124991,0.4609979306726513,-1.100912611863312,1.939014113509056,0.3205729103826867
moderate,4,19.906702975063904,1.0625872523844704,0.23382902589964324,-0.8731070935991733,1.689820433499374,0.6028393581235689
moderate,4,108.60290486103037,1.1580647787712512,-0.04997165726283563,-0.4539658885865237,0.9980882810422003,1.4019567699317608
moderate,4,592.493440979578,1.2398386819030602,-0.059927442817917516,-0.1414364205213263,0.31016157756932233,2.184621183171136
moderate,4,3232.404124484761,1.271080689596675,-0.015879341100002713,-0.030472555256952947,0.06522988008755971,2.4777335891551964
moderate,4,17634.687072166715,1.2781582887324239,-0.0031279669112678045,-0.005779500882216393,0.012289521235748481,2.5427741750305652
moderate,5,0.0,0.976337277006105,0.5258390424119216,-1.2681078666528705,2.046287989488778,0.32093680903805005
moderate,5,1.7634687072166717e-10,0.9763372770069438,0.5258390424074962,-1.2681078666487482,2.046287989485363,0.3209368090354997
moderate,5,9.62077067584526e-10,0.9763372770106813,0.52583904238778,-1.2681078666303818,2.046287989470148,0.3209368090241371
moderate,5,5.248702628996048e-09,0.9763372770310719,0.5258390422802146,-1.2681078665301806,2.0462879893871406,0.32093680896214716
moderate,5,2.86347946706563e-08,0.9763372771423149,0.525839041693383,-1.2681078659835228,2.0462879889342873,0.32093680862395474
moderate,5,1.5621983636506516e-07,0.9763372777492112,0.5258390384918666,-1.26810786300118,2.046287986463702,0.3209368067789141
moderate,5,8.522721239882489e-07,0.9763372810601917,0.5258390210256908,-1.268107846730726,2.046287972985191,0.32093679671312086
moderate,5,4.649651351765695e-06,0.9763372991235574,0.5258389257373252,-1.2681077579657336,2.0462878994519005,0.3209367417982614
moderate,5,2.5366613648946108e-05,0.9763373976699086,0.5258384058829648,-1.268107273700178,2.0462874982841623,0.3209364422059067
moderate,5,0.0001383899650391084,0.9763379352973032,0.5258355697786767,-1.2681046317517422,2.046285309678478,0.32093480777719857
moderate,5,0.0007549995710334528,0.9763408683279339,0.5258200974537898,-1.2680902185957212,2.0462733696200854,0.32092589176372055
moderate,5,0.0041189717195145815,0.9763568683683852,0.5257356959704519,-1.26801159352085,2.0462082320996875,0.32087727244342024
moderate,5,0.02247144061676445,0.9764441168711517,0.5252755108810424,-1.2675828630528205,2.0458529455447483,0.3206127048463607
moderate,5,0.12259507415415831,0.9769188856764524,0.522773093172421,-1.26525029539638,2.043916945456682,0.3191895655259454
moderate,5,0.6688290467523932,0.9794731877847178,0.5093599092287234,-1.2527125210478882,2.033422842811229,0.312027995497382
moderate,5,3.6488602569562834,0.9924274453569537,0.4426943637266789,-1.1894424083154815,1.9781144095394583,0.29056649289267106
moderate,5,19.906702975063904,1.0432483632195508,0.2076023741491946,-0.9472649670625375,1.7240370026821144,0.4580967104975978
moderate,5,108.60290486103037,1.1463311910302374,-0.07849371921952944,-0.49732584239911276,1.0187524164311463,1.264861491355407
moderate,5,592.493440979578,1.2360501440647231,-0.07251762724508592,-0.1560513891640707,0.3168167777115584,2.0859631745040286
moderate,5,3232.404124484761,1.2705940948690062,-0.018832668882489155,-0.033688743929883136,0.06665270545595527,2.396441878357308
moderate,5,17634.687072166715,1.278434062553293,-0.003697442859108939,-0.006392046325349875,0.012558618817223928,2.465586828864745
moderate,6,0.0,1.0249614954495496,0.5670229256039397,-1.268418041794456,1.984948826210889,0.33708020351872586
moderate,6,1.7634687072166717e-10,1.024961495450396,0.5670229255994071,-1.26841804179028,1.984948826207571,0.33708020351775736
moderate,6,9.62077067584526e-10,1.0249614954541673,0.5670229255792119,-1.2684180417716755,1.9849488261927872,0.3370802035134424
moderate,6,5.248702628996048e-09,1.0249614954747406,0.5670229254690338,-1.2684180416701767,1.984948826112133,0.3370802034899019
moderate,6,2.86347946706563e-08,1.0249614955869808,0.5670229248679464,-1.2684180411164392,1.9849488256721175,0.33708020336147415
moderate,6,1.5621983636506516e-07,1.024961496199318,0.5670229215886577,-1.2684180380954724,1.9849488232715713,0.3370802026608241
moderate,6,8.522721239882489e-07,1.0249614995399816,0.5670229036981883,-1.2684180216143015,1.9849488101751636,0.3370801988383625
moderate,6,4.649651351765695e-06,1.0249615177652873,0.5670228060950483,-1.2684179316997213,1.9849487387264726,0.33708017798459183
moderate,6,2.5366613648946108e-05,1.0249616171951166,0.5670222736122236,-1.268417441162487,1.9849483489314625,0.33708006421578796
moderate,6,0.0001383899650391084,1.0249621596423846,0.5670193686123465,-1.2684147649984492,1.9849462223707022,0.33707944356665337
moderate,6,0.0007549995710334528,1.024965118967569,0.5670035204268807,-1.2684001651800476,1.9849346208021275,0.33707605837069854
moderate,6,0.0041189717195145815,1.024981262438943,0.5669170685742111,-1.2683205218722662,1.9848713298811933,0.3370576143452698
moderate,6,0.02247144061676445,1.0250692928029306,0.566445702667161,-1.2678862399492736,1.9845261157253913,0.33695771207653347
moderate,6,0.12259507415415831,1.0255483081462928,0.5638824402740156,-1.2655234929495027,1.9826450100902915,0.3364340807986647
moderate,6,0.6688290467523932,1.0281252226202922,0.5501418040405803,-1.2528242076599272,1.9724487170899383,0.3342038752734687
moderate,6,3.6488602569562834,1.041187793879918,0.4818127970445084,-1.1887582867977415,1.9187166210946272,0.33866878121754335
moderate,6,19.906702975063904,1.0923100451590877,0.24014080602331572,-0.9439142424905803,1.6719989610604462,0.5581192117750525
moderate,6,108.60290486103037,1.1951166868888388,-0.05969539084122441,-0.4919041617221671,0.987730547950264,1.3653397109116334
moderate,6,592.493440979578,1.2834179030516342,-0.06621165130738865,-0.15340118733481128,0.30711805738400066,2.1704114010039106
moderate,6,3232.404124484761,1.3171807470842167,-0.017445783345908867,-0.03305298788131146,0.0646090769626096,2.4732839919465404
moderate,6,17634.687072166715,1.3248300085479077,-0.0034333187359435347,-0.00626892435264759,0.012173435375054139,2.540656275096795
moderate,7,0.0,1.0198210339414975,0.5055391416544157,-1.1408513591181493,2.029436134298186,0.2830584811262387
moderate,7,1.7634687072166717e-10,1.0198210339422604,0.5055391416503326,-1.1408513591143974,2.0294361342948024,0.2830584811272249
moderate,7,9.62077067584526e-10,1.0198210339456597,0.5055391416321392,-1.1408513590976803,2.0294361342797274,0.28305848113161924
moderate,7,5.248702628996048e-09,1.0198210339642049,0.5055391415328843,-1.1408513590064782,2.029436134197485,0.28305848115559307
moderate,7,2.86347946706563e-08,1.0198210340653797,0.5055391409913885,-1.1408513585089164,2.029436133748805,0.28305848128638456
moderate,7,1.5621983636506516e-07,1.0198210346173486,0.5055391380372084,-1.140851355794421,2.0294361313009865,0.28305848199992995
moderate,7,8.522721239882489e-07,1.0198210376286672,0.5055391219203971,-1.1408513409852348,2.0294361179466835,0.2830584858927459
moderate,7,4.649651351765695e-06,1.0198210540571995,0.5055390339936179,-1.1408512601923249,2.02943604509102,0.28305850713039726
moderate,7,2.5366613648946108e-05,1.0198211436845674,0.5055385543010616,-1.1408508194191977,2.029435647620139,0.2830586229951874
moderate,7,0.0001383899650391084,1.0198216326537368,0.5055359373024467,-1.1408484147471265,2.029433479182969,0.2830592551294502
moderate,7,0.0007549995710334528,1.0198243002287941,0.5055216603038861,-1.140835296053951,2.029421649154553,0.28306270447993076
moderate,7,0.0041189717195145815,1.0198388521698236,0.5054437792794646,-1.1407637324232787,2.0293571118755778,0.2830815430349808
moderate,7,0.02247144061676445,1.0199182039576067,0.505019144649239,-1.1403735078737762,2.029005098877702,0.2831849218459771
moderate,7,0.12259507415415831,1.020349996207994,0.5027100075937259,-1.1382504651011398,2.0270869248308747,0.2837667393563401
moderate,7,0.6688290467523932,1.022672904093703,0.4903317306936096,-1.1268397274736084,2.016689100273442,0.28745011083645333
moderate,7,3.6488602569562834,1.034448877807665,0.42878012262077714,-1.0692791673069533,1.9618789464270725,0.3194193293635356
moderate,7,19.906702975063904,1.0805573820191845,0.21114553710257197,-0.8493711686938464,1.709940589560976,0.5782608062539345
moderate,7,108.60290486103037,1.173491925512549,-0.058047302580778906,-0.44348990734145327,1.010096354116346,1.3584822115906006
moderate,7,592.493440979578,1.2537147151276664,-0.0614879044728629,-0.13869753502075993,0.3138827487610061,2.1398747862224026
moderate,7,3232.404124484761,1.2844972202032008,-0.01615189710697232,-0.029919660414537207,0.06600984746704595,2.434027889737727
moderate,7,17634.687072166715,1.2914786137814198,-0.003177171285339523,-0.005676121024295981,0.012436338637203151,2.499346942736087
moderate,8,0.0,0.9778830601178028,0.4429148017843725,-1.15052257776183,2.002089894999093,0.3021532404654392
moderate,8,1.7634687072166717e-10,0.9778830601185586,0.442914801780439,-1.150522577758133,2.0020898949957595,0.3021532404665549
moderate,8,9.62077067584526e-10,0.977883060121927,0.4429148017629136,-1.1505225777416597,2.0020898949809074,0.30215324047152625
moderate,8,5.248702628996048e-09,0.9778830601403027,0.4429148016673011,-1.1505225776517898,2.00208989489988,0.30215324049864756
moderate,8,2.86347946706563e-08,0.9778830602405534,0.44291480114567905,-1.1505225771614946,2.0020898944578276,0.30215324064661014
moderate,8,1.5621983636506516e-07,0.9778830607874802,0.4429147982999197,-1.1505225744866443,2.0020898920461687,0.3021532414538349
moderate,8,8.522721239882489e-07,0.9778830637712917,0.4429147827746108,-1.150522559893744,2.002089878889136,0.30215324585772635
moderate,8,4.649651351765695e-06,0.9778830800497567,0.44291469807482703,-1.1505224802808027,2.0020898071096958,0.3021532698835961
moderate,8,2.5366613648946108e-05,0.9778831688584178,0.44291423598744306,-1.1505220459451029,2.0020894155102558,0.3021534009596734
moderate,8,0.0001383899650391084,0.9778836533610838,0.4429117150352537,-1.1505196763928585,2.00208727910524,0.3021541160775129
moderate,8,0.0007549995710334528,0.977886296569585,0.4428979620193703,-1.1505067492942849,2.002075623829897,0.3021580180622244
moderate,8,0.0041189717195145815,0.9779007156026036,0.44282293940289785,-1.1504362307790397,2.0020120398917074,0.30217932331205405
moderate,8,0.02247144061676445,0.9779793430728512,0.4424138922696509,-1.150051703580734,2.001665226709844,0.30229607930828517
moderate,8,0.12259507415415831,0.9784072067205547,0.44018959192005136,-1.1479596134527186,1.9997753843465305,0.3029485073247786
moderate,8,0.6688290467523932,0.9807093532681861,0.42826821963593686,-1.1367139452580501,1.9895310512116768,0.30694897166420754
moderate,8,3.6488602569562834,0.9923902000101491,0.36904664258799896,-1.0799509958692945,1.935527649981252,0.33905470780289604
moderate,8,19.906702975063904,1.0383213613386735,0.1607947098780402,-0.8624106289498207,1.6872503532159941,0.5886369095331073
moderate,8,108.60290486103037,1.1322688850252964,-0.0877916041450256,-0.4560048974570834,0.997197079560262,1.3509897117012764
moderate,8,592.493440979578,1.21512268614752,-0.07155081427512208,-0.14399006325491853,0.31007630220196014,2.1248696215746703
moderate,8,3232.404124484761,1.2472511968933644,-0.018367084058784844,-0.031148811543666503,0.06522813789535484,2.418779723246223
moderate,8,17634.687072166715,1.2545564116616816,-0.003599076927793069,-0.005912670331533079,0.012289890204307846,2.4842595760441673
moderate,9,0.0,1.002654378923432,0.47883403208937775,-1.2373752602487196,2.019184017446043,0.27877475170600846
moderate,9,1.7634687072166717e-10,1.002654378924244,0.4788340320851507,-1.2373752602447412,2.0191840174426767,0.27877475170368643
moderate,9,9.62077067584526e-10,1.0026543789278624,0.4788340320663177,-1.2373752602270156,2.01918401742768,0.2787747516933406
moderate,9,5.248702628996048e-09,1.002654378947603,0.4788340319635718,-1.2373752601303112,2.0191840173458617,0.2787747516368974
moderate,9,2.86347946706563e-08,1.0026543790553002,0.47883403140303216,-1.2373752596027312,2.0191840168994952,0.27877475132896656
moderate,9,1.5621983636506516e-07,1.0026543796428522,0.4788340283449543,-1.2373752567244691,2.0191840144643014,0.2787747496490203
moderate,9,8.522721239882489e-07,1.0026543828482979,0.47883401166132106,-1.2373752410218366,2.0191840011788704,0.2787747404839155
moderate,9,4.649651351765695e-06,1.002654400335909,0.4788339206421906,-1.2373751553546466,2.0191839286989444,0.2787746904828493
moderate,9,2.5366613648946108e-05,1.0026544957411776,0.47883342407903423,-1.2373746879894367,2.0191835332779355,0.27877441769822664
moderate,9,0.0001383899650391084,1.0026550162321566,0.47883071504169517,-1.2373721382421243,2.019181376024031,0.2787729295236429
moderate,9,0.0007549995710334528,1.002657855775187,0.47881593593010674,-1.2373582280887447,2.019169607006803,0.2787648114729869
moderate,9,0.0041189717195145815,1.0026733458368922,0.47873531596597946,-1.2372823469148988,2.0191054025748265,0.2787205472882389
moderate,9,0.02247144061676445,1.0027578136407196,0.47829575025784876,-1.236868577802475,2.0187552052968334,0.27847979238937864
moderate,9,0.12259507415415831,1.0032174577293027,0.4759054954920884,-1.234617388246581,2.0168469323470384,0.2771881463090478
moderate,9,0.6688290467523932,1.0056905818979027,0.4630946222799896,-1.2225164077229882,2.0065029803270056,0.2707921126034523
moderate,9,3.6488602569562834,1.0182384204360806,0.3994528270592521,-1.1614336149304907,1.9519820474036862,0.25492331606886093
moderate,9,19.906702975063904,1.067567089327713,0.17562114533207915,-0.9272977256563051,1.7014534080278847,0.44665353491695653
moderate,9,108.60290486103037,1.1683499221133464,-0.09201132164247232,-0.4898432820094339,1.0056481656736558,1.2509133475674468
moderate,9,592.493440979578,1.257016757714134,-0.07588424947311453,-0.15445995527983652,0.3128091444997966,2.062021108306049
moderate,9,3232.404124484761,1.2913420165623941,-0.019499510076509453,-0.03339488849414393,0.0658150590487473,2.3689749024693154
moderate,9,17634.687072166715,1.299142854701233,-0.003821601101565636,-0.006338226906801448,0.012401024624759616,2.4373684646249525
moderate,10,0.0,0.9832186951204677,0.5168281604108512,-1.2337444941517868,2.046944800542774,0.29214705504975635
moderate,10,1.7634687072166717e-10,0.9832186951212853,0.5168281604065276,-1.233744494147769,2.0469448005393596,0.2921470550488768
moderate,10,9.62077067584526e-10,0.9832186951249288,0.5168281603872633,-1.233744494129868,2.0469448005241455,0.29214705504495736
moderate,10,5.248702628996048e-09,0.9832186951448056,0.5168281602821645,-1.2337444940322064,2.0469448004411452,0.2921470550235747
moderate,10,2.86347946706563e-08,0.9832186952532465,0.5168281597087893,-1.233744493499403,2.046944799988329,0.2921470549069191
moderate,10,1.5621983636506516e-07,0.9832186958448548,0.5168281565806858,-1.2337444905926462,2.0469447975179476,0.29214705427049387
moderate,10,8.522721239882489e-07,0.9832186990724303,0.5168281395150214,-1.2337444747345576,2.0469447840405484,0.2921470507984165
moderate,10,4.649651351765695e-06,0.9832187166807727,0.5168280464116821,-1.233744388219261,2.046944710513319,0.29214703185620206
moderate,10,2.5366613648946108e-05,0.9832188127447022,0.5168275384779331,-1.2337439162271295,2.0469443093786515,0.29214692851611895
moderate,10,0.0001383899650391084,0.9832193368290485,0.5168247674074217,-1.2337413412373202,2.0469421209533833,0.2921463647631691
moderate,10,0.0007549995710334528,0.9832221959754328,0.5168096498731032,-1.233727293374457,2.0469301818791066,0.2921432900087683
moderate,10,0.0041189717195145815,0.9832377929672285,0.5167271837641303,-1.2336506610131726,2.046865049722925,0.2921265407882071
moderate,10,0.02247144061676445,0.9833228436068857,0.5162775507723796,-1.2332327966922285,2.046509792292534,0.29203591926554207
moderate,10,0.12259507415415831,0.9837856516474046,0.5138325075613751,-1.2309593533248975,2.0445739469341735,0.2915639498396426
moderate,10,0.6688290467523932,0.9862755762518103,0.5007266739325108,-1.2187395384252078,2.0340805674325364,0.2896461657332828
moderate,10,3.6488602569562834,0.9989026028097834,0.43558377713369634,-1.1570782799272024,1.9787729014877977,0.29657184876522663
moderate,10,19.906702975063904,1.0484261087476685,0.20576699421392747,-0.9211384335718029,1.7246484653714498,0.5251054591906442
moderate,10,108.60290486103037,1.1487942821691375,-0.07458908732752738,-0.4832647139121831,1.01904904940146,1.3304195639148142
moderate,10,592.493440979578,1.236072428565529,-0.07008228245868084,-0.1515961912941609,0.31684815432287355,2.1381793629553796
moderate,10,3232.404124484761,1.2696683896163325,-0.018228249645337324,-0.032726274304344646,0.06665268107247013,2.442880473005364
moderate,10,17634.687072166715,1.2772930363065027,-0.0035797078580878635,-0.006209430692791277,0.012558313963777523,2.5106697764116253
moderate,11,0.0,0.9842957013333242,0.48388879257427936,-1.1995021782787074,1.9337973179452992,0.30794346149338175
moderate,11,1.7634687072166717e-10,0.9842957013341151,0.48388879257013034,-1.1995021782748256,1.933797317942073,0.30794346149285295
moderate,11,9.62077067584526e-10,0.9842957013376387,0.48388879255164413,-1.1995021782575304,1.9337973179276997,0.30794346149049645
moderate,11,5.248702628996048e-09,0.9842957013568621,0.48388879245078975,-1.1995021781631734,1.9337973178492824,0.30794346147764085
moderate,11,2.86347946706563e-08,0.9842957014617372,0.48388879190057005,-1.1995021776483994,1.93379731742147,0.3079434614075056
moderate,11,1.5621983636506516e-07,0.9842957020338925,0.48388878889879433,-1.1995021748400032,1.9337973150875005,0.3079434610248763
moderate,11,8.522721239882489e-07,0.9842957051553405,0.48388877252232254,-1.1995021595185298,1.933797302354309,0.30794345893740693
moderate,11,4.649651351765695e-06,0.9842957221846943,0.48388868317893935,-1.1995020759307888,1.9337972328871766,0.30794344754904723
moderate,11,2.5366613648946108e-05,0.9842958150898985,0.4838881957579745,-1.1995016199102055,1.9337968539027464,0.30794338541960614
moderate,11,0.0001383899650391084,0.9842963219415737,0.483885536596515,-1.1994991320544013,1.9337947863200382,0.3079430464913869
moderate,11,0.0007549995710334528,0.9842990870751162,0.483871029581178,-1.1994855595507676,1.9337835065090885,0.3079411981755216
moderate,11,0.0041189717195145815,0.9843141712193915,0.48379189387536276,-1.1994115203010642,1.9337219708861755,0.3079311365105296
moderate,11,0.02247144061676445,0.9843964254120317,0.48336042006969054,-1.1990077953383111,1.9333863305091776,0.3078768984444882
moderate,11,0.12259507415415831,0.9848440199378599,0.4810141450176082,-1.1968112648346372,1.9315573837509048,0.307600403342787
moderate,11,0.6688290467523932,0.9872521980307611,0.46843833841348187,-1.1850044466154142,1.9216435321208887,0.3066580154381406
moderate,11,3.6488602569562834,0.9994674488926528,0.4059466324455615,-1.1254160316948072,1.869392400548776,0.3162335035627162
moderate,11,19.906702975063904,1.047429079037935,0.18580933459391064,-0.8971954128709462,1.6293434906403441,0.5297271448772536
moderate,11,108.60290486103037,1.1449936649258354,-0.08022020999916202,-0.47220070649562684,0.9628968011800653,1.290581229158634
moderate,11,592.493440979578,1.2302720361725779,-0.0705576978157545,-0.14845273029969278,0.29948218973355273,2.0645338850578927
moderate,11,3232.404124484761,1.2631760876480067,-0.018242580009273233,-0.032066677407295144,0.06300900943099978,2.358845452803517
moderate,11,17634.687072166715,1.2706477523166704,-0.0035789428543997475,-0.006084987910625467,0.011872217740114517,2.42450200986739
moderate,12,0.0,0.9467738723753569,0.531576309636726,-1.2058486709533187,2.0106075548172653,0.32615477519400354
moderate,12,1.7634687072166717e-10,0.9467738723761614,0.5315763096324275,-1.2058486709493577,2.0106075548139097,0.3261547751949194
moderate,12,9.62077067584526e-10,0.9467738723797458,0.5315763096132768,-1.205848670931709,2.010607554798957,0.3261547751990004
moderate,12,5.248702628996048e-09,0.9467738723993004,0.5315763095087971,-1.2058486708354255,2.0106075547173825,0.32615477522126424
moderate,12,2.86347946706563e-08,0.9467738725059827,0.5315763089387984,-1.2058486703101408,2.0106075542723447,0.3261547753427266
moderate,12,1.5621983636506516e-07,0.9467738730879971,0.5315763058291171,-1.2058486674444016,2.0106075518443984,0.32615477600537607
moderate,12,8.522721239882489e-07,0.9467738762632323,0.5315762888639549,-1.2058486518100884,2.0106075385985083,0.3261547796205243
moderate,12,4.649651351765695e-06,0.9467738935860273,0.5315761963089168,-1.2058485665156196,2.0106074663343,0.32615479934333164
moderate,12,2.5366613648946108e-05,0.9467739880921267,0.5315756913664735,-1.2058481011838278,2.01060707209016,0.3261549069436903
moderate,12,0.0001383899650391084,0.9467745036776012,0.5315729366152154,-1.2058455625300415,2.0106049212567694,0.32615549398889515
moderate,12,0.0007549995710334528,0.9467773164581286,0.5315579081092271,-1.2058317128990972,2.0105931872671117,0.32615869730208014
moderate,12,0.0041189717195145815,0.9467926605127585,0.5314759276163719,-1.2057561619305284,2.0105291739268307,0.32617619209969706
moderate,12,0.02247144061676445,0.9468763317105473,0.5310289413800796,-1.2053441948610166,2.0101800190326946,0.3262721960312516
moderate,12,0.12259507415415831,0.9473316283477464,0.5285982615774507,-1.203102853602598,2.0082774288896594,0.32681248882063774
moderate,12,0.6688290467523932,0.9497809924883898,0.5155685610291458,-1.1910560964377375,1.9979643605431823,0.33023351956898056
moderate,12,3.6488602569562834,0.9621982907497677,0.45078074274968283,-1.130281884165305,1.9436083916037796,0.36011755755161556
moderate,12,19.906702975063904,1.0108213903122505,0.22175608451554016,-0.898004014370698,1.6938821677925284,0.6110003200364189
moderate,12,108.60290486103037,1.1088172043051714,-0.06127137853780305,-0.46886407813418407,1.0006719155913801,1.3836653675548276
moderate,12,592.493440979578,1.1933303484026905,-0.06468779931376104,-0.14652815500414856,0.31105919958442424,2.1586966230718074
moderate,12,3232.404124484761,1.225727384819592,-0.01698505719486658,-0.03159701500904109,0.06542804836343996,2.4517396381087644
moderate,12,17634.687072166715,1.233072486412484,-0.003340780477382104,-0.0059938095035843506,0.01232727515835461,2.5169593516782007
moderate,13,0.0,1.0165342987865906,0.4999936300122672,-1.164872550656772,2.024491367893998,0.28822484907904483
moderate,13,1.7634687072166717e-10,1.016534298787366,0.4999936300081453,-1.1648725506529622,2.024491367890623,0.2882248490811333
moderate,13,9.62077067584526e-10,1.0165342987908206,0.4999936299897805,-1.164872550635988,2.024491367875585,0.2882248490904378
moderate,13,5.248702628996048e-09,1.0165342988096677,0.4999936298895884,-1.1648725505433826,2.0244913677935408,0.28822484914120045
moderate,13,2.86347946706563e-08,1.0165342989124908,0.4999936293429829,-1.1648725500381651,2.024491367345943,0.2882248494181404
moderate,13,1.5621983636506516e-07,1.0165342994734512,0.49999362636092337,-1.1648725472819035,2.0244913649040313,0.2882248509290124
moderate,13,8.522721239882489e-07,1.0165343025338245,0.49999361009201415,-1.1648725322448552,2.02449135158195,0.2882248591717191
moderate,13,4.649651351765695e-06,1.016534319229979,0.4999935213354512,-1.1648724502088241,2.0244912789020777,0.2882249041406076
moderate,13,2.5366613648946108e-05,1.0165344103173828,0.4999930371159349,-1.1648720026537362,2.0244908823902406,0.28822514947328043
moderate,13,0.0001383899650391084,1.016534907251898,0.4999903954201728,-1.1648695609821345,2.0244887191852206,0.28822648792796307
moderate,13,0.0007549995710334528,1.0165376182820776,0.4999759836873603,-1.164856240437487,2.024476917701166,0.28823379056079035
moderate,13,0.0041189717195145815,1.0165524072794394,0.49989736770787896,-1.164783575675497,2.0244125361447587,0.2882736476196004
moderate,13,0.02247144061676445,1.016633051838688,0.4994687264478207,-1.1643873464329932,2.024061372589954,0.28849159219734816
moderate,13,0.12259507415415831,1.0170718817350068,0.4971378194650125,-1.1622316226390428,2.022147829300877,0.28969534842136896
moderate,13,0.6688290467523932,1.0194327387781934,0.48464336656773027,-1.1506448807238712,2.0117751649659104,0.2966757114433562
moderate,13,3.6488602569562834,1.0314034995008843,0.42252828828813915,-1.0921869234292434,1.957099158558889,0.3435269916594503
moderate,13,19.906702975063904,1.078320632654388,0.2031796822535882,-0.8686681613382553,1.705801157664422,0.6327462212165831
moderate,13,108.60290486103037,1.1731988964981659,-0.0659881483775543,-0.45487554202330416,1.0077844724749654,1.4322123728948637
moderate,13,592.493440979578,1.2554825041346427,-0.06489725328636602,-0.14254681676079453,0.31324011221628084,2.2196476598568124
moderate,13,3232.404124484761,1.2871244845074026,-0.01694673743020553,-0.030766879057025194,0.06588236849690171,2.5154561173443946
moderate,13,17634.687072166715,1.2943043947781891,-0.003330255154070639,-0.0058374777117412915,0.01241266447966792,2.581151871327275
moderate,14,0.0,0.9842240274024521,0.4855738179859665,-1.1748607588708824,1.967201058164069,0.2848793786078959
moderate,14,1.7634687072166717e-10,0.9842240274032297,0.4855738179818657,-1.1748607588670648,1.9672010581607888,0.2848793786084745
moderate,14,9.62077067584526e-10,0.9842240274066943,0.4855738179635944,-1.1748607588500553,1.967201058146173,0.28487937861105284
moderate,14,5.248702628996048e-09,0.9842240274255962,0.4855738178639118,-1.1748607587572573,1.9672010580664339,0.28487937862511836
moderate,14,2.86347946706563e-08,0.9842240275287166,0.4855738173200857,-1.1748607582509891,1.9672010576314092,0.28487937870185526
moderate,14,1.5621983636506516e-07,0.9842240280913004,0.4855738143531908,-1.1748607554889954,1.9672010552580932,0.2848793791204997
moderate,14,8.522721239882489e-07,0.9842240311605288,0.48557379816701446,-1.1748607404206768,1.9672010423102424,0.2848793814044556
moderate,14,4.649651351765695e-06,0.9842240479049937,0.4855737098618054,-1.1748606582140455,1.967200971672017,0.284879393864823
moderate,14,2.5366613648946108e-05,0.9842241392559608,0.48557322810469467,-1.1748602097282321,1.967200586298577,0.2848794618444119
moderate,14,0.0001383899650391084,0.9842246376283692,0.48557059984279627,-1.174857762978966,1.9671984838600616,0.28487983273949663
moderate,14,0.0007549995710334528,0.9842273565031201,0.48555626139903224,-1.1748444147325474,1.967187013891162,0.2848818569664349
moderate,14,0.0041189717195145815,0.9842421882975346,0.4854780452350328,-1.1747715988381617,1.9671244408795918,0.2848929233501395
moderate,14,0.02247144061676445,0.9843230663475824,0.4850515846150688,-1.174374544996568,1.966783142003507,0.2849539814917287
moderate,14,0.12259507415415831,0.984763170292235,0.4827325567656432,-1.1722143201046284,1.9649233566761486,0.28530733538410924
moderate,14,0.6688290467523932,0.9871309838972344,0.4703023954507067,-1.1606029532738849,1.9548422073479705,0.287816989828122
moderate,14,3.6488602569562834,0.9991397850394776,0.40852365671787205,-1.1020090838225376,1.9017057434937341,0.31546105929779444
moderate,14,19.906702975063904,1.0462586754440841,0.19068901540856031,-0.8777494159804479,1.6575306254861228,0.5760248439862022
moderate,14,108.60290486103037,1.1418995705730721,-0.07412662836985215,-0.46110445553333274,0.9794313512227892,1.3733404715416275
moderate,14,592.493440979578,1.2252649786004675,-0.06779429875897659,-0.1448068316201881,0.30453197679899724,2.163143318542554
moderate,14,3232.404124484761,1.2573953135189173,-0.01759199522842773,-0.03127174620550367,0.06406162023459806,2.460211543614628
moderate,14,17634.687072166715,1.2646896836900028,-0.003453422809644121,-0.005933891294050774,0.01207010835251839,2.526250701878503
moderate,15,0.0,1.0138691945636145,0.5301612222897627,-1.2162496792780768,1.9953097544322806,0.22626106611446434
moderate,15,1.7634687072166717e-10,1.0138691945644245,0.530161222285446,-1.2162496792740898,1.99530975442895,0.22626106611361796
moderate,15,9.62077067584526e-10,1.013869194568033,0.5301612222662134,-1.2162496792563247,1.995309754414109,0.22626106610984656
moderate,15,5.248702628996048e-09,1.0138691945877196,0.5301612221612876,-1.2162496791594053,1.995309754333141,0.22626106608927138
moderate,15,2.86347946706563e-08,1.0138691946951226,0.5301612215888549,-1.2162496786306523,1.9953097538914157,0.22626106597702136
moderate,15,1.5621983636506516e-07,1.0138691952810697,0.5301612184658947,-1.21624967574599,1.9953097514815397,0.2262610653646303
moderate,15,8.522721239882489e-07,1.0138691984777584,0.530161201428288,-1.2162496600084418,1.9953097383342338,0.22626106202367502
moderate,15,4.649651351765695e-06,1.0138692159175962,0.5301611084780231,-1.2162495741507657,1.9953096666078625,0.22626104379681689
moderate,15,2.5366613648946108e-05,1.0138693110622325,0.5301606013793833,-1.2162491057463432,1.995309275297943,0.2262609443596653
moderate,15,0.0001383899650391084,1.0138698301312976,0.5301578348648425,-1.2162465503295752,1.9953071404724505,0.2262604019065874
moderate,15,0.0007549995710334528,1.0138726619166223,0.5301427421846915,-1.216232609247957,1.995295493814836,0.2262574435657615
moderate,15,0.0041189717195145815,1.0138881096459507,0.5300604116294529,-1.216156559402092,1.995231956906067,0.22624133570388838
moderate,15,0.02247144061676445,1.0139723462196146,0.5296115169583453,-1.2157418718656892,1.9948854007314973,0.2261543992848112
moderate,15,0.12259507415415831,1.0144307204543745,0.5271704659666866,-1.213485724618985,1.992996973349802,0.22570807054305628
moderate,15,0.6688290467523932,1.0168966734973433,0.5140853677708312,-1.2013592404094247,1.9827607330547241,0.22409356445388584
moderate,15,3.6488602569562834,1.0293989438191666,0.4490274493342127,-1.1401788285507783,1.9288112232055512,0.23667548679025543
moderate,15,19.906702975063904,1.0783712931368206,0.21915195885318856,-0.9062734910938002,1.6809774550863654,0.4956818754170226
moderate,15,108.60290486103037,1.1771801192944864,-0.06414405262737484,-0.4736384466377047,0.9931034008281935,1.3035745139522543
moderate,15,592.493440979578,1.2625192524290723,-0.06595074921429162,-0.14810904600916472,0.30874722398157983,2.095312073612901
moderate,15,3232.404124484761,1.2952532717118137,-0.01728057595061019,-0.03194244120452704,0.06494604966445869,2.3928227362398475
moderate,15,17634.687072166715,1.3026757447067598,-0.0033977310992023223,-0.006059494560729102,0.012236655892660913,2.45896272375341
moderate,16,0.0,0.9762810750213282,0.5526972215072282,-1.2908217848947539,1.9741827831731609,0.3441923148260003
moderate,16,1.7634687072166717e-10,0.9762810750221843,0.5526972215026846,-1.2908217848905363,1.9741827831698615,0.34419231482471074
moderate,16,9.62077067584526e-10,0.9762810750259987,0.5526972214824418,-1.290821784871745,1.97418278315516,0.34419231481896556
moderate,16,5.248702628996048e-09,0.9762810750468092,0.5526972213720036,-1.2908217847692252,1.9741827830749548,0.34419231478762147
moderate,16,2.86347946706563e-08,0.9762810751603428,0.5526972207694976,-1.2908217842099186,1.974182782637389,0.34419231461662
moderate,16,1.5621983636506516e-07,0.9762810757797359,0.5526972174824688,-1.2908217811585694,1.9741827802502072,0.34419231368370573
moderate,16,8.522721239882489e-07,0.9762810791588932,0.552697199549772,-1.2908217645116453,1.9741827672267114,0.34419230859410466
moderate,16,4.649651351765695e-06,0.9762810975942049,0.5526971017162575,-1.2908216736927824,1.9741826961757976,0.3441922808273336
moderate,16,2.5366613648946108e-05,0.9762811981697411,0.5526965679766056,-1.2908211782221497,1.9741823085508983,0.3441921293439754
moderate,16,0.0001383899650391084,0.97628174686751,0.5526936561200467,-1.2908184751435516,1.97418019382937,0.3441913029387349
moderate,16,0.0007549995710334528,0.9762847402925248,0.5526777705290655,-1.2908037284920548,1.974168656850434,0.344186795197652
moderate,16,0.0041189717195145815,0.9763010697877417,0.5525911146595047,-1.2907232841771346,1.9741057182920823,0.3441622263311226
moderate,16,0.02247144061676445,0.9763901146948173,0.5521186372788769,-1.2902846339119167,1.9737624261173583,0.344028888959037
moderate,16,0.12259507415415831,0.9768746552480327,0.5495493574037206,-1.28789810333489,1.971891795136172,0.34332225320438053
moderate,16,0.6688290467523932,0.9794814275337793,0.5357772436250191,-1.275070481899835,1.9617523247609092,0.34007800032611135
moderate,16,3.6488602569562834,0.9926989896303695,0.4673129179726089,-1.210343466293032,1.9083208583041285,0.3388893491121695
moderate,16,19.906702975063904,1.0444976471866434,0.2255785509483371,-0.9627107146206735,1.6630007968912273,0.5415729188039486
moderate,16,108.60290486103037,1.1491478237612645,-0.07110281064268983,-0.5037208255153942,0.9826085449737759,1.3346090540092483
moderate,16,592.493440979578,1.2396378313183531,-0.07069646666036433,-0.15755436510198645,0.30562475699370834,2.1316750213696087
moderate,16,3232.404124484761,1.2743506368151016,-0.018471342584198375,-0.03397658469990741,0.06430476181046986,2.432903281421542
moderate,16,17634.687072166715,1.2822212316331483,-0.0036301137649368573,-0.006445188524122205,0.012116535277912547,2.500032625957819
moderate,17,0.0,0.9905120924527893,0.4953620826145517,-1.198385539812924,1.998512542477032,0.2796073719636683
moderate,17,1.7634687072166717e-10,0.9905120924535824,0.4953620826103691,-1.1983855398090295,1.9985125424736994,0.27960737196310564
moderate,17,9.62077067584526e-10,0.990512092457116,0.495362082591734,-1.1983855397916794,1.9985125424588495,0.2796073719605994
moderate,17,5.248702628996048e-09,0.9905120924763946,0.49536208249006614,-1.198385539697023,1.9985125423778347,0.27960737194692614
moderate,17,2.86347946706563e-08,0.9905120925815705,0.49536208193540865,-1.1983855391806155,1.9985125419358516,0.27960737187232976
moderate,17,1.5621983636506516e-07,0.9905120931553671,0.4953620789094224,-1.1983855363633062,1.9985125395245726,0.27960737146536274
moderate,17,8.522721239882489e-07,0.99051209628577,0.49536206240086744,-1.198385520993207,1.9985125263696122,0.27960736924511653
moderate,17,4.649651351765695e-06,0.9905121133639772,0.49536197233689266,-1.1983854371401843,1.9985124546014794,0.2796073571323845
moderate,17,2.5366613648946108e-05,0.9905122065357057,0.49536148098467303,-1.1983849796723314,1.998512063063726,0.2796072910511804
moderate,17,0.0001383899650391084,0.9905127148414228,0.4953588003759425,-1.1983824839208495,1.9985099269952598,0.2796069305672791
moderate,17,0.0007549995710334528,0.9905154879074173,0.49534417635481337,-1.1983688683427165,1.99849827355634,0.2796049647575933
moderate,17,0.0041189717195145815,0.9905306153216713,0.495264402367204,-1.1982945941292906,1.998434699647233,0.2795942652262394
moderate,17,0.02247144061676445,0.9906131053914103,0.4948294479728243,-1.197889588289963,1.998087941486429,0.2795366404204061
moderate,17,0.12259507415415831,0.9910619812384296,0.4924642322610907,-1.1956860992190275,1.996198408377358,0.2792444377543378
moderate,17,0.6688290467523932,0.9934769880807374,0.4797865002029015,-1.1838421765734857,1.9859560264440144,0.27829771707585615
moderate,17,3.6488602569562834,1.0057251189689596,0.4167773032355449,-1.124074570535952,1.931970205638036,0.2899149952295854
moderate,17,19.906702975063904,1.0537826061664881,0.19460327866027452,-0.8953193319624648,1.6839001540869116,0.5239233852313989
moderate,17,108.60290486103037,1.1513234744087035,-0.07550319235553124,-0.4703132248052546,0.9950162657050604,1.3154974710147531
moderate,17,592.493440979578,1.236334143441438,-0.06909972873855175,-0.1476875537158854,0.3093842112808163,2.1070488226443067
moderate,17,3232.404124484761,1.2690955047067083,-0.017931624861436554,-0.0318928236920072,0.06508308410655189,2.4054922320380836
moderate,17,17634.687072166715,1.2765329200880888,-0.003520120764325313,-0.006051698473827081,0.01226260049623365,2.4718809988117774
moderate,18,0.0,0.9938951793839541,0.520225502662401,-1.1770782667857433,1.971093996553527,0.3699753680785341
moderate,18,1.7634687072166717e-10,0.9938951793847396,0.5202255026582009,-1.177078266781875,1.9710939965502372,0.3699753680779921
moderate,18,9.62077067584526e-10,0.99389517938824,0.520225502639488,-1.1770782667646396,1.9710939965355794,0.36997536807557835
moderate,18,5.248702628996048e-09,0.9938951794073365,0.520225502537398,-1.1770782666706099,1.9710939964556118,0.36997536806240944
moderate,18,2.86347946706563e-08,0.9938951795115192,0.5202255019804356,-1.1770782661576207,1.9710939960193417,0.3699753679905653
moderate,18,1.5621983636506516e-07,0.993895180079898,0.5202254989418749,-1.1770782633589612,1.9710939936392293,0.3699753675986125
moderate,18,8.522721239882489e-07,0.9938951831807424,0.5202254823647182,-1.1770782480906072,1.9710939806542995,0.3699753654602774
moderate,18,4.649651351765695e-06,0.9938952000976913,0.5202253919264803,-1.177078164792665,1.9710939098137865,0.3699753537944111
moderate,18,2.5366613648946108e-05,0.9938952923896596,0.5202248985324336,-1.1770777103531058,1.9710935233367501,0.36997529015087477
moderate,18,0.0001383899650391084,0.993895795895767,0.5202222067843144,-1.1770752311227444,1.971091414877471,0.3699749429584461
moderate,18,0.0007549995710334528,0.9938985427772052,0.5202075219909906,-1.177061705676461,1.9710799120620832,0.3699730494397445
moderate,18,0.0041189717195145815,0.9939135273441354,0.5201274164488463,-1.176987923165374,1.9710171598640442,0.3699627376945442
moderate,18,0.02247144061676445,0.9939952382456848,0.5196906530469244,-1.1765855992445753,1.9706748837364076,0.36990703200826947
moderate,18,0.12259507415415831,0.9944398676913693,0.5173155627946573,-1.1743967235118276,1.9688097763415304,0.3696194645484087
moderate,18,0.6688290467523932,0.9968318383035782,0.5045838069402538,-1.1626319921231958,1.9586998690901427,0.36852703926381275
moderate,18,3.6488602569562834,1.0089579819747725,0.44127626993865215,-1.1032814811401377,1.905414266697409,0.3750370167207952
moderate,18,19.906702975063904,1.056437365413395,0.21746126791225132,-0.8764622027983894,1.6605988061025196,0.5634394431746822
moderate,18,108.60290486103037,1.1521044688230306,-0.05930086873579129,-0.45751763916380966,0.9809969268050345,1.3029111335448922
moderate,18,592.493440979578,1.234582964340831,-0.06299426625766516,-0.1429639567121146,0.30493324037384384,2.0675036520455494
moderate,18,3232.404124484761,1.2661959441877857,-0.01654830657814741,-0.030827575585034486,0.06413845235586617,2.3569866609270274
moderate,18,17634.687072166715,1.2733630976154846,-0.003255134425204372,-0.005847821078355922,0.012084254757544762,2.42139976166622
moderate,19,0.0,0.9750390263935473,0.4738562029544244,-1.18394829750883,1.9877633901725764,0.23013255446709083
moderate,19,1.7634687072166717e-10,0.975039026394328,0.4738562029503331,-1.1839482975050026,1.987763390169263,0.23013255446495937
moderate,19,9.62077067584526e-10,0.9750390263978064,0.4738562029321053,-1.18394829748795,1.987763390154501,0.23013255445546263
moderate,19,5.248702628996048e-09,0.9750390264167828,0.4738562028326599,-1.1839482973949178,1.9877633900739649,0.23013255440365193
moderate,19,2.86347946706563e-08,0.9750390265203104,0.473856202290127,-1.183948296887372,1.9877633896345928,0.2301325541209941
moderate,19,1.5621983636506516e-07,0.9750390270851156,0.4738561993302878,-1.1839482941184074,1.9877633872375557,0.23013255257892767
moderate,19,8.522721239882489e-07,0.9750390301664633,0.4738561831826031,-1.183948279012059,1.9877633741602923,0.23013254416603895
moderate,19,4.649651351765695e-06,0.9750390469770469,0.47385609508739096,-1.1839481965979515,1.9877633028160462,0.23013249826876422
moderate,19,2.5366613648946108e-05,0.9750391386887298,0.47385561447593594,-1.1839477469802329,1.9877629135908463,0.23013224787292905
moderate,19,0.0001383899650391084,0.9750396390290563,0.4738529924642711,-1.183945294055757,1.987760790138714,0.23013088184738784
moderate,19,0.0007549995710334528,0.9750423686399141,0.47383868811921565,-1.1839319121200949,1.987749205528803,0.23012343033795066
moderate,19,0.0041189717195145815,0.9750572590045032,0.4737606579829722,-1.1838589124367696,1.9876860071051334,0.23008280686459903
moderate,19,0.02247144061676445,0.9751384565398793,0.47333521222585745,-1.1834608560933668,1.9873412969127113,0.22986204329653023
moderate,19,0.12259507415415831,0.9755803019865419,0.47102172018008537,-1.1812951671921688,1.985462921001945,0.22868332462312044
moderate,19,0.6688290467523932,0.9779575727882753,0.4586217326715287,-1.1696541452758782,1.9752809458167302,0.2230212281507929
moderate,19,3.6488602569562834,0.9900167174121886,0.397006623868539,-1.1109028633964242,1.9216116028922139,0.2145952699272048
moderate,19,19.906702975063904,1.0373791521149307,0.18001917615264784,-0.8858890864438792,1.6749617764178466,0.4440590289017318
moderate,19,108.60290486103037,1.1338405450337268,-0.08161727339843283,-0.46672589042930157,0.9898423777877254,1.2617064836243728
moderate,19,592.493440979578,1.2183445301549574,-0.07060759263252,-0.14690744258650004,0.30780382283480906,2.0691874229187657
moderate,19,3232.404124484761,1.2509960426737834,-0.018229093454903356,-0.031747201942469674,0.06475285514461929,2.3725195173012303
moderate,19,17634.687072166715,1.258413342148346,-0.0035754554132936536,-0.00602495730146379,0.012200474718238706,2.4399392821218218
moderate,20,0.0,1.0166674159535263,0.458584429917125,-1.1619737735528854,2.0726882693023754,0.30339688044225843
moderate,20,1.7634687072166717e-10,1.0166674159542923,0.458584429913118,-1.161973773549137,2.072688269298925,0.3033968804419598
moderate,20,9.62077067584526e-10,1.016667415957706,0.45858442989526527,-1.1619737735324331,2.072688269283551,0.30339688044062874
moderate,20,5.248702628996048e-09,1.0166674159763307,0.4585844297978666,-1.1619737734413054,2.072688269199678,0.3033968804333677
moderate,20,2.86347946706563e-08,1.0166674160779388,0.45858442926650017,-1.1619737729441486,2.0726882687421027,0.3033968803937547
moderate,20,1.5621983636506516e-07,1.016667416632271,0.45858442636758057,-1.1619737702318635,2.072688266245755,0.3033968801776411
moderate,20,8.522721239882489e-07,1.0166674196564822,0.45858441055224886,-1.161973755434734,2.072688252626694,0.30339687899861434
moderate,20,4.649651351765695e-06,1.0166674361553525,0.4585843242702196,-1.1619736747076015,2.0726881783266213,0.30339687256634856
moderate,20,2.5366613648946108e-05,1.016667526166455,0.4585838535507493,-1.1619732342933284,2.072687772975627,0.3033968374753059
moderate,20,0.0001383899650391084,1.0166680172291331,0.45858128550555344,-1.1619708315789679,2.072685561547804,0.3033966460564087
moderate,20,0.0007549995710334528,1.0166706962257548,0.458567275573995,-1.161957723564733,2.072673496981299,0.30339560245520053
moderate,20,0.0041189717195145815,1.0166853104850282,0.4584908514691585,-1.161886218148349,2.0726076802019486,0.3033899299028691
moderate,20,0.02247144061676445,1.0167650024586132,0.45807416253156774,-1.1614963098336293,2.0722486880897106,0.30335960476015367
moderate,20,0.12259507415415831,1.0171986566324045,0.45580829468794687,-1.1593749520131522,2.0702924781076253,0.3032126043307653
moderate,20,0.6688290467523932,1.019531897067374,0.443663751141141,-1.1479722306700328,2.059688307807694,0.3029475050213286
moderate,20,3.6488602569562834,1.031368824395516,0.3833230468805707,-1.0904238467759009,2.0037860216625,0.3153283086024626
moderate,20,19.906702975063904,1.0778816999663106,0.17093120952258647,-0.8700112592551243,1.7467467085873385,0.5312007514587924
moderate,20,108.60290486103037,1.1728054264485388,-0.08416264537077742,-0.4591527691011725,1.0322496484343668,1.302122344914802
moderate,20,592.493440979578,1.256272972726615,-0.07088413290985338,-0.14480893777761616,0.32090526239548267,2.0976370188781845
moderate,20,3232.404124484761,1.2885985643531164,-0.0182564102256321,-0.03131664642655062,0.06749885060557155,2.39959489597712
moderate,20,17634.687072166715,1.2959465906539642,-0.0035794019194204485,-0.00594419435527966,0.01271739708929576,2.4668080003460084
moderate,21,0.0,1.0593207180082485,0.49186007051524283,-1.2113651989324707,2.0300891328765167,0.36545411585644977
moderate,21,1.7634687072166717e-10,1.0593207180090485,0.4918600705110382,-1.2113651989285459,2.0300891328731323,0.36545411585572535
moderate,21,9.62077067584526e-10,1.0593207180126134,0.49186007049230446,-1.2113651989110579,2.030089132858053,0.36545411585249765
moderate,21,5.248702628996048e-09,1.0593207180320614,0.4918600703901007,-1.2113651988156522,2.030089132775784,0.36545411583488835
moderate,21,2.86347946706563e-08,1.059320718138162,0.49186006983251823,-1.2113651982951557,2.0300891323269608,0.36545411573881936
moderate,21,1.5621983636506516e-07,1.0593207187170048,0.49186006679057437,-1.2113651954555376,2.0300891298783625,0.3654541152147056
moderate,21,8.522721239882489e-07,1.0593207218749356,0.4918600501949613,-1.211365179963733,2.030089116519804,0.36545411235535413
moderate,21,4.649651351765695e-06,1.0593207391033252,0.4918599596560324,-1.211365095446734,2.0300890436409227,0.3654540967559163
moderate,21,2.5366613648946108e-05,1.0593208330943884,0.4918594657126597,-1.2113646343564977,2.030088646043376,0.3654540116524476
moderate,21,0.0001383899650391084,1.059321345870051,0.4918567709677105,-1.2113621188428134,2.0300864769151765,0.3654535473845309
moderate,21,0.0007549995710334528,1.0593241433219365,0.4918420698270228,-1.2113483954517348,2.0300746431170054,0.3654510151853224
moderate,21,0.0041189717195145815,1.0593394037661668,0.49176187516353814,-1.21127353310287,2.0300100852782887,0.3654372201271788
moderate,21,0.02247144061676445,1.0594226193090464,0.4913246274331092,-1.2108653200718267,2.0296579603085965,0.3653625427387199
moderate,21,0.12259507415415831,1.0598754445993817,0.4889469506764949,-1.208644376505392,2.0277391811316727,0.36497242452952894
moderate,21,0.6688290467523932,1.0623117504499924,0.4762027123847491,-1.1967064784818802,2.017338222096735,0.3633493356557132
moderate,21,3.6488602569562834,1.0746692745724702,0.4128707686676974,-1.136460396711931,1.9625153384052845,0.3678520551699279
moderate,21,19.906702975063904,1.1231825768840422,0.1897132228386217,-0.9057902555413785,1.7105771801864345,0.5599782998112887
moderate,21,108.60290486103037,1.2218387322845634,-0.0803518699387773,-0.4765978606527755,1.0108401655420056,1.329096768549554
moderate,21,592.493440979578,1.3080717762488616,-0.07119594440787372,-0.1498615574493791,0.3143186606652271,2.1298734052232486
moderate,21,3232.404124484761,1.3413537506516573,-0.01842191355592136,-0.03237560082122779,0.06612216287800046,2.434516996454805
moderate,21,17634.687072166715,1.3489121621050588,-0.003614617669437383,-0.006143825890575171,0.012458421788938797,2.5024175448412636
moderate,22,0.0,0.966860634045723,0.5062490349614468,-1.2047591926140455,1.9981144852731194,0.3034063465063225
moderate,22,1.7634687072166717e-10,0.9668606340465218,0.5062490349572204,-1.2047591926101202,1.998114485269786,0.3034063465079244
moderate,22,9.62077067584526e-10,0.9668606340500809,0.5062490349383904,-1.2047591925926306,1.9981144852549346,0.30340634651506215
moderate,22,5.248702628996048e-09,0.9668606340694981,0.5062490348356593,-1.2047591924972145,1.9981144851739103,0.3034063465540027
moderate,22,2.86347946706563e-08,0.9668606341754302,0.5062490342752013,-1.2047591919766627,1.9981144847318753,0.30340634676644684
moderate,22,1.5621983636506516e-07,0.9668606347533532,0.5062490312175688,-1.2047591891367437,1.9981144823203107,0.3034063479254558
moderate,22,8.522721239882489e-07,0.9668606379062665,0.5062490145363648,-1.2047591736432954,1.9981144691637922,0.30340635424854023
moderate,22,4.649651351765695e-06,0.9668606551072824,0.5062489235304871,-1.2047590891173303,1.9981143973871611,0.3034063887447504
moderate,22,2.5366613648946108e-05,0.9668607489490046,0.5062484270396311,-1.2047586279781772,1.9981140058030442,0.3034065769428193
moderate,22,0.0001383899650391084,0.9668612609099232,0.5062457183966736,-1.2047561121976382,1.9981118694816393,0.3034076036967926
moderate,22,0.0007549995710334528,0.9668640539168392,0.5062309414348903,-1.204742387351123,1.998100214662858,0.3034132058923741
moderate,22,0.0041189717195145815,0.9668792901094343,0.5061503331462288,-1.2046675170743129,1.9980366332279165,0.3034437883026838
moderate,22,0.02247144061676445,0.9669623732952191,0.5057108295582886,-1.2042592611582614,1.9976898340725096,0.30361120112701373
moderate,22,0.12259507415415831,0.9674144750174809,0.5033208669489456,-1.2020380945024194,1.9958000791904882,0.30454127929950386
moderate,22,0.6688290467523932,0.9698467903756329,0.4905102239982881,-1.190099296812311,1.985556542100841,0.31008940909421473
moderate,22,3.6488602569562834,0.9821814258998435,0.42683320694239424,-1.1298568299717997,1.9315658831664235,0.35093910533360967
moderate,22,19.906702975063904,1.0305535195682372,0.20216071335732796,-0.8993610219996927,1.6834955866464931,0.6332713464853389
moderate,22,108.60290486103037,1.1285551471997413,-0.07213598915631061,-0.47170305110901617,0.9947217677600652,1.4391544384697736
moderate,22,592.493440979578,1.2137323802827507,-0.06820351289198201,-0.1479352105119683,0.30928083675446577,2.233444868420356
moderate,22,3232.404124484761,1.2465112257206425,-0.017749126118572642,-0.031933714344975155,0.06506052729984955,2.532567148236368
moderate,22,17634.687072166715,1.2539499545084203,-0.0034859271009834098,-0.006058964734944185,0.012258317458823869,2.5990986420654973
moderate,23,0.0,1.0367084487633573,0.4658841082006298,-1.1573204005660798,1.996743044646921,0.32664407426130754
moderate,23,1.7634687072166717e-10,1.0367084487641214,0.4658841081966194,-1.1573204005623345,1.9967430446435945,0.32664407426209785
moderate,23,9.62077067584526e-10,1.0367084487675264,0.4658841081787508,-1.157320400545648,1.9967430446287722,0.32664407426561975
moderate,23,5.248702628996048e-09,1.0367084487861022,0.46588410808126623,-1.157320400454613,1.9967430445479062,0.32664407428483255
moderate,23,2.86347946706563e-08,1.036708448887445,0.46588410754943044,-1.1573203999579624,1.996743044106736,0.3266440743896503
moderate,23,1.5621983636506516e-07,1.0367084494403285,0.4658841046479501,-1.1573203972484392,1.9967430416998913,0.3266440749614938
moderate,23,8.522721239882489e-07,1.0367084524566377,0.4658840888186492,-1.157320382466377,1.996743028569121,0.3266440780812414
moderate,23,4.649651351765695e-06,1.0367084689123967,0.4658840024604089,-1.1573203018214455,1.9967429569329616,0.3266440951013424
moderate,23,2.5366613648946108e-05,1.0367085586883016,0.46588353132516164,-1.1573198618556282,1.9967425661152007,0.3266441879568011
moderate,23,0.0001383899650391084,1.0367090484678385,0.4658809610116511,-1.1573174615878563,1.9967404339747084,0.32664469455893186
moderate,23,0.0007549995710334528,1.036711720464202,0.4658669387049656,-1.1573043669211192,1.9967288019648244,0.32664745898127856
moderate,23,0.0041189717195145815,1.0367262965340895,0.4657904470828372,-1.1572329343203434,1.996665344952072,0.3266625585942459
moderate,23,0.02247144061676445,1.0368057801971808,0.4653733896908184,-1.156843423170842,1.9963192241798262,0.32674547240415686
moderate,23,0.12259507415415831,1.037238298962586,0.4631055085252574,-1.1547242295345885,1.9944331580025934,0.32721367936651846
moderate,23,0.6688290467523932,1.0395653759808554,0.45094988858322765,-1.143333239361825,1.9842093858607477,0.33022337651141354
moderate,23,3.6488602569562834,1.051369550598738,0.39054633444741127,-1.085846791905456,1.9303168075398454,0.3575903792643843
moderate,23,19.906702975063904,1.0977243440484052,0.17777512790897015,-0.8657301686269941,1.6825922894118448,0.5993322718020129
moderate,23,108.60290486103037,1.192102216514499,-0.07911319381741322,-0.455977048734315,0.9943044935336188,1.3706684667295674
moderate,23,592.493440979578,1.2747685330663887,-0.06890961012617776,-0.14353265816080713,0.309139619604956,2.155678053193278
moderate,23,3232.404124484761,1.3067141766595756,-0.01780337813898494,-0.031020471459669748,0.06502814795221529,2.4533978674784582
moderate,23,17634.687072166715,1.3139716361615292,-0.0034923870646496485,-0.00588716506922126,0.012252084398567507,2.5196918636027226
moderate,24,0.0,0.9951032451126676,0.44230713731640037,-1.1514470786129336,2.021779092604032,0.36607215840152024
moderate,24,1.7634687072166717e-10,0.9951032451134241,0.4423071373124649,-1.1514470786092348,2.0217790926006667,0.3660721584006629
moderate,24,9.62077067584526e-10,0.9951032451167952,0.4423071372949311,-1.1514470785927533,2.021779092585671,0.36607215839684354
moderate,24,5.248702628996048e-09,0.9951032451351856,0.4423071371992716,-1.1514470785028375,2.0217790925038615,0.36607215837600554
moderate,24,2.86347946706563e-08,0.9951032452355171,0.44230713667739396,-1.1514470780122927,2.021779092057542,0.36607215826232276
moderate,24,1.5621983636506516e-07,0.9951032457828846,0.4423071338302408,-1.1514470753360797,2.021779089622602,0.36607215764211526
moderate,24,8.522721239882489e-07,0.9951032487691001,0.44230711829732616,-1.1514470607357454,2.021779076338559,0.3660721542585158
moderate,24,4.649651351765695e-06,0.9951032650606801,0.4423070335560485,-1.1514469810822465,2.021779003866203,0.3660721357989886
moderate,24,2.5366613648946108e-05,0.9951033539408924,0.44230657124229106,-1.151446546525281,2.021778608486493,0.3660720350919391
moderate,24,0.0001383899650391084,0.9951038388339122,0.4423040490551064,-1.1514441757659053,2.021776451457884,0.36607148569443615
moderate,24,0.0007549995710334528,0.9951064841719983,0.44229028930176073,-1.1514312420818265,2.021764683669336,0.3660684889802237
moderate,24,0.0041189717195145815,0.9951209148224072,0.44221522993354234,-1.151360687642112,2.021700485927446,0.36605215726201323
moderate,24,0.02247144061676445,0.9951996056497362,0.44180598244991465,-1.150975964554963,2.0213503247584326,0.3659635679048474
moderate,24,0.12259507415415831,0.9956278142745265,0.43958059358726975,-1.1488828087184135,2.0194422372641667,0.3654953914945224
moderate,24,0.6688290467523932,0.9979318231377601,0.4276534150154256,-1.1376314136439194,2.009098961515004,0.3633841679791637
moderate,24,3.6488602569562834,1.0096222878428898,0.3684037598350806,-1.0808395862258973,1.9545729077552902,0.36373448368111366
moderate,24,19.906702975063904,1.0555947180364142,0.160069200547849,-0.8631876154526931,1.703874642799557,0.5278715752378627
moderate,24,108.60290486103037,1.1496552485018505,-0.08846577842909922,-0.45653332228304927,1.0070192959829452,1.2547744246421104
moderate,24,592.493440979578,1.2326546550212762,-0.07184419126925214,-0.1441991397678202,0.31311792760701734,2.034685427339504
moderate,24,3232.404124484761,1.2648505947426927,-0.01843618638463489,-0.031197427115643876,0.06586649637207902,2.333300272065039
moderate,24,17634.687072166715,1.2721718403084235,-0.0036124179801218887,-0.00592203832952256,0.012410097742260479,2.399918546710288
moderate,25,0.0,1.0244789321794665,0.5055341367582474,-1.180197123546881,1.9925059582760445,0.3239390898993755
moderate,25,1.7634687072166717e-10,1.0244789321802512,0.5055341367540787,-1.180197123543023,1.992505958272721,0.32393908989918735
moderate,25,9.62077067584526e-10,1.0244789321837477,0.5055341367355045,-1.1801971235258335,1.9925059582579123,0.32393908989834896
moderate,25,5.248702628996048e-09,1.0244789322028232,0.5055341366341709,-1.1801971234320547,1.9925059581771227,0.32393908989377546
moderate,25,2.86347946706563e-08,1.024478932306891,0.5055341360813375,-1.1801971229204342,1.992505957736368,0.3239390898688239
moderate,25,1.5621983636506516e-07,1.024478932874644,0.5055341330653013,-1.1801971201292412,1.9925059553317865,0.323939089732699
moderate,25,8.522721239882489e-07,1.0244789359720732,0.5055341166110294,-1.1801971049016222,1.9925059422133669,0.32393908899005713
moderate,25,4.649651351765695e-06,1.0244789528703904,0.505534026843202,-1.1801970218259135,1.9925058706445857,0.3239390849385312
moderate,25,2.5366613648946108e-05,1.0244790450607126,0.505533537106641,-1.1801965685987679,1.9925054801944142,0.32393906283585044
moderate,25,0.0001383899650391084,1.0244795480122848,0.5055308653122305,-1.1801940959828117,1.9925033500593452,0.3239389422764805
moderate,25,0.0007549995710334528,1.024482291868571,0.5055162893767386,-1.1801806066210625,1.9924917289903912,0.32393828526474544
moderate,25,0.0041189717195145815,1.0244972599364506,0.50543677767367,-1.1801070209434166,1.9924283316714073,0.3239347220437524
moderate,25,0.02247144061676445,1.024578880973225,0.505003252674158,-1.1797057699988305,1.9920825366977162,0.32391591212153037
moderate,25,0.12259507415415831,1.0250230245237932,0.5026457899755962,-1.1775227222596065,1.9901982518978245,0.323831950995838
moderate,25,0.6688290467523932,1.0274124719452828,0.49000903472197643,-1.1657890335489114,1.9799843123396974,0.3239159510893297
moderate,25,3.6488602569562834,1.0395282887083914,0.4271877121356114,-1.1065874623549523,1.926148255711001,0.33820047958848515
moderate,25,19.906702975063904,1.0870150237755576,0.2053656596801999,-0.8801867949490518,1.6787659306863343,0.5605642304555135
moderate,25,108.60290486103037,1.1830389116870819,-0.06674544010843343,-0.46088428702820844,0.9918415949851814,1.3317181069047614
moderate,25,592.493440979578,1.2662776578793788,-0.06559423553493976,-0.14438044557500906,0.30833230890469565,2.109214716651451
moderate,25,3232.404124484761,1.2982723219461234,-0.017126356303791036,-0.031157246548475005,0.06485554591581068,2.401965608925956
moderate,25,17634.687072166715,1.3055311437648984,-0.0033654579889616574,-0.005911305090711561,0.012219451688433785,2.467028599309339
moderate,26,0.0,0.9788508377860143,0.4849200878476055,-1.1678102698135926,1.9894567948456936,0.322645023084119
moderate,26,1.7634687072166717e-10,0.9788508377867879,0.4849200878435203,-1.1678102698097945,1.9894567948423771,0.32264502308386767
moderate,26,9.62077067584526e-10,0.9788508377902354,0.4849200878253198,-1.1678102697928727,1.9894567948275996,0.32264502308274784
moderate,26,5.248702628996048e-09,0.978850837809043,0.48492008772602396,-1.1678102697005537,1.9894567947469792,0.32264502307663806
moderate,26,2.86347946706563e-08,0.9788508379116498,0.48492008718430685,-1.167810269196899,1.9894567943071493,0.32264502304330595
moderate,26,1.5621983636506516e-07,0.9788508384714313,0.48492008422891825,-1.1678102664491627,1.9894567919076143,0.3226450228614603
moderate,26,8.522721239882489e-07,0.9788508415253716,0.4849200681055143,-1.1678102514586273,1.9894567788167248,0.322645021869384
moderate,26,4.649651351765695e-06,0.9788508581864307,0.48491998014276716,-1.1678101696763492,1.9894567073981373,0.32264501645704363
moderate,26,2.5366613648946108e-05,0.9788509490823696,0.48491950025398767,-1.167809723505633,1.9894563177673594,0.32264498693028737
moderate,26,0.0001383899650391084,0.9788514449723358,0.48491688218490664,-1.1678072893865643,1.989454192102563,0.32264482586743987
moderate,26,0.0007549995710334528,0.9788541503040865,0.4849025993478013,-1.1677940100443225,1.9894425954213193,0.322643947863428
moderate,26,0.0041189717195145815,0.9788689082193334,0.4848246865148093,-1.167721570031584,1.9893793311433394,0.3226391783519858
moderate,26,0.02247144061676445,0.9789493833916554,0.4843998796634569,-1.167326565907328,1.9890342617357466,0.32261376820078624
moderate,26,0.12259507415415831,0.9793872946540558,0.4820898419901387,-1.1651774955271954,1.9871539278565593,0.32249323309742955
moderate,26,0.6688290467523932,0.9817432998906778,0.46970778788670475,-1.1536261652063615,1.9769613233257746,0.32236177595354326
moderate,26,3.6488602569562834,0.9936919056136162,0.40816596427311735,-1.0953374032649765,1.9232355548415736,0.3351443702373708
moderate,26,19.906702975063904,1.0405690369354532,0.19112544843703064,-0.8722845183383454,1.67632180555466,0.5501178929937485
moderate,26,108.60290486103037,1.1356879711424217,-0.07301075224047687,-0.45810399949813246,0.9905028701304979,1.3129126365624064
moderate,26,592.493440979578,1.2185757570062028,-0.06723637067457985,-0.14385803723383134,0.3079407665842356,2.090493984962538
moderate,26,3232.404124484761,1.2505218080966183,-0.017458673296996914,-0.031067712100888652,0.06477499333548194,2.384565963558703
moderate,26,17634.687072166715,1.2577745057516259,-0.0034276350642715413,-0.005895225576788345,0.012204349710261008,2.449996430327236
moderate,27,0.0,1.0554812769527513,0.518939212267579,-1.2253337290922008,1.9654172101423206,0.30582638441232474
moderate,27,1.7634687072166717e-10,1.0554812769535638,0.5189392122632744,-1.2253337290882038,1.9654172101390397,0.30582638441354276
moderate,27,9.62077067584526e-10,1.055481276957184,0.5189392122440967,-1.225333729070395,1.9654172101244198,0.3058263844189697
moderate,27,5.248702628996048e-09,1.0554812769769348,0.5189392121394685,-1.2253337289732364,1.9654172100446612,0.305826384448577
moderate,27,2.86347946706563e-08,1.0554812770846878,0.5189392115686607,-1.2253337284431793,1.96541720960953,0.3058263846101025
moderate,27,1.5621983636506516e-07,1.0554812776725437,0.5189392084545655,-1.2253337255514027,1.9654172072356286,0.3058263854913199
moderate,27,8.522721239882489e-07,1.0554812808796483,0.5189391914653231,-1.2253337097750403,1.9654171942845866,0.30582639029888636
moderate,27,4.649651351765695e-06,1.0554812983763087,0.5189390987789113,-1.225333623705611,1.9654171236289506,0.30582641652704573
moderate,27,2.5366613648946108e-05,1.0554813938309466,0.518938593119749,-1.2253331541459485,1.9654167381605274,0.30582655961800503
moderate,27,0.0001383899650391084,1.0554819145912535,0.5189358344584067,-1.225330592426663,1.965414635203833,0.30582734028660313
moderate,27,0.0007549995710334528,1.0554847556032698,0.5189207846219097,-1.2253166169612137,1.9654031624082755,0.3058315999620728
moderate,27,0.0041189717195145815,1.0555002536685452,0.5188386877978846,-1.2252403795355618,1.965340573985026,0.305854858781236
moderate,27,0.02247144061676445,1.0555847648207144,0.5183910680790594,-1.2248246687726263,1.9649991913092952,0.30598233662392016
moderate,27,0.12259507415415831,1.0560446360324045,0.515956967046432,-1.2225629431662766,1.9631389571114508,0.30669514107232543
moderate,27,0.6688290467523932,1.0585187259407352,0.5029096174140929,-1.2104061428934179,1.9530556006916437,0.3110775736011368
moderate,27,3.6488602569562834,1.071064508593371,0.4380528040098429,-1.1490637695209769,1.899913485918965,0.3463286568203873
moderate,27,19.906702975063904,1.1202504606111923,0.2091505273246507,-0.9143674282961413,1.6558144152770478,0.6135943646977177
moderate,27,108.60290486103037,1.2197848689350148,-0.07092253234126747,-0.4790960565309569,0.9783650405278767,1.3949623933038502
moderate,27,592.493440979578,1.3061096928932376,-0.06842587017173117,-0.15008618746283725,0.30423954592815083,2.1679891331616137
moderate,27,3232.404124484761,1.3392862508630548,-0.017835963620343905,-0.03238468836589108,0.06400539975370935,2.460294862218474
moderate,27,17634.687072166715,1.3468124433439235,-0.003503905922272814,-0.006143980867285457,0.012059763797503615,2.5254187669211348
moderate,28,0.0,1.0225971868782324,0.458611355472633,-1.201004641183523,2.0281920045121753,0.3216027449015325
moderate,28,1.7634687072166717e-10,1.0225971868790202,0.45861135546854165,-1.2010046411796687,2.028192004508797,0.3216027449025572
moderate,28,9.62077067584526e-10,1.02259718688253,0.4586113554503134,-1.2010046411624968,2.0281920044937447,0.3216027449071226
moderate,28,5.248702628996048e-09,1.0225971869016788,0.45861135535086556,-1.2010046410688133,2.0281920044116255,0.32160274493203006
moderate,28,2.86347946706563e-08,1.0225971870061468,0.45861135480831977,-1.201004640557714,2.028192003963617,0.3216027450679147
moderate,28,1.5621983636506516e-07,1.0225971875760818,0.458611351848409,-1.2010046377693635,2.0281920015194648,0.32160274580924697
moderate,28,8.522721239882489e-07,1.0225971906854157,0.4586113357003352,-1.201004622557253,2.0281919881851604,0.3216027498536559
moderate,28,4.649651351765695e-06,1.0225972076486798,0.4586112476029996,-1.2010045395661515,2.0281919154386,0.32160277191833475
moderate,28,2.5366613648946108e-05,1.022597300193326,0.45861076697996195,-1.2010040868005878,2.0281915185629447,0.32160289229496897
moderate,28,0.0001383899650391084,1.0225978050779545,0.45860814490513707,-1.201001616702781,2.0281893533730786,0.3216035490415576
moderate,28,0.0007549995710334528,1.0226005594804541,0.45859384021645305,-1.200988141077442,2.028177541060553,0.3216071325934828
moderate,28,0.0041189717195145815,1.0226155850913852,0.4585158082336506,-1.2009146302926743,2.0281131004297652,0.32162670111229635
moderate,28,0.02247144061676445,1.0226975202733886,0.4580903532394262,-1.200513786523152,2.027761614629767,0.32173399737977126
moderate,28,0.12259507415415831,1.0231433840052124,0.4557768356191904,-1.1983329183461533,2.0258463145103622,0.3223352709844
moderate,28,0.6688290467523932,1.025542400197753,0.4433774326724901,-1.1866098997673058,2.015464101265442,0.3260705388669066
moderate,28,3.6488602569562834,1.0377152638963352,0.38178489429513446,-1.1274337749648102,1.960737010949041,0.35717160357371347
moderate,28,19.906702975063904,1.0855903291659563,0.16526616235831743,-0.9005775139363086,1.7091849996833985,0.6089862138052381
moderate,28,108.60290486103037,1.1835641371412593,-0.09270044049211583,-0.4763886406527088,1.0102228261127162,1.38670092379501
moderate,28,592.493440979578,1.2700011272407281,-0.07491158989667109,-0.15043005127827383,0.3141873462984411,2.1754591521223903
moderate,28,3232.404124484761,1.3035177178903226,-0.019211800285022184,-0.03253984701204225,0.06609958191658226,2.4754373718028586
moderate,28,17634.687072166715,1.3111381524362702,-0.0037639888223104357,-0.006176604983611289,0.012454383504312879,2.542330438106158
moderate,29,0.0,0.966089553598499,0.4589135151460965,-1.1775595504927567,2.0078375144971985,0.2851104314778257
moderate,29,1.7634687072166717e-10,0.9660895535992735,0.4589135151420588,-1.177559550488966,2.007837514493854,0.28511043147837034
moderate,29,9.62077067584526e-10,0.9660895536027237,0.458913515124068,-1.1775595504720753,2.0078375144789518,0.28511043148079734
moderate,29,5.248702628996048e-09,0.9660895536215472,0.4589135150259172,-1.1775595503799268,2.007837514397651,0.28511043149403825
moderate,29,2.86347946706563e-08,0.9660895537242404,0.4589135144904469,-1.1775595498772011,2.007837513954108,0.2851104315662745
moderate,29,1.5621983636506516e-07,0.9660895542844927,0.45891351156913773,-1.1775595471345357,2.007837511534318,0.28511043196036673
moderate,29,8.522721239882489e-07,0.966089557341002,0.4589134956316589,-1.1775595321716632,2.007837498332923,0.2851104341103752
moderate,29,4.649651351765695e-06,0.966089574016077,0.45891340868324354,-1.1775594505403033,2.0078374263114633,0.28511044583997736
moderate,29,2.5366613648946108e-05,0.9660896649884804,0.4589129343282433,-1.177559005192935,2.007837033391661,0.2851105098327502
moderate,29,0.0001383899650391084,0.9660901612956121,0.45891034644915213,-1.17755657556568,2.007834889783297,0.2851108589756852
moderate,29,0.0007549995710334528,0.9660928689034347,0.45889622831435695,-1.1775433207278043,2.007823195209826,0.28511276448120815
moderate,29,0.0041189717195145815,0.9661076392415155,0.45881921396968284,-1.177471014366773,2.007759396889447,0.28512318166626843
moderate,29,0.02247144061676445,0.9661881823516285,0.4583993070994316,-1.1770767383752496,2.0074114144963335,0.2851806533794956
moderate,29,0.12259507415415831,0.9666264691127893,0.4561159480987027,-1.174931610231969,2.005515204410225,0.2855131220096804
moderate,29,0.6688290467523932,0.9689846644959395,0.44387786891066333,-1.1634009060813477,1.995236455497142,0.28787127582281996
moderate,29,3.6488602569562834,0.98094898732129,0.3830781781376924,-1.1052009131943983,1.9410543273483465,0.31385898062284556
moderate,29,19.906702975063904,1.027976827399655,0.16917942371386285,-0.8821894055692691,1.6920012500420971,0.5627355962003684
moderate,29,108.60290486103037,1.1240308605319584,-0.0869720893950036,-0.4659030006415054,0.9999870837972605,1.341216802728977
moderate,29,592.493440979578,1.208546217286712,-0.07219822064663048,-0.14694785903663726,0.31096398976382505,2.125552978881353
moderate,29,3232.404124484761,1.2412765902814058,-0.018566353769425666,-0.03177635944559347,0.06541750035067416,2.422695288232556
moderate,29,17634.687072166715,1.2487160952405756,-0.0036392048180900927,-0.00603129594246432,0.012325691217941413,2.488873121485145
strong,0,0.0,1.0421081849019251,37.41165095384317,-38.13107337073922,2.056067009748196,0.31975527566041523
strong,0,2.1643277075830085e-10,1.0421082149259666,37.41150716800736,-38.13092956061306,2.0560670088432347,0.319755315758741
strong,0,1.1807694946228275e-09,1.0421083486981515,37.41086652989374,-38.130288814273705,2.056067004811178,0.3197554944180383
strong,0,6.441799892627282e-09,1.042109078425077,37.40737185062789,-38.126793544636755,2.0560669828163087,0.31975646903595395
strong,0,3.51438498755493e-08,1.04211305714259,37.38831767967456,-38.107736154780895,2.0560668628925307,0.31976178393045634
strong,0,1.9173060397121727e-07,1.0421346929047601,37.28470351071755,-38.004104481838255,2.056066210752593,0.31979071371445505
strong,0,1.0460044824156602e-06,1.0422506679615655,36.72929628055448,-37.448603424314065,2.056062714778306,0.31994659481420806
strong,0,5.706576595345749e-06,1.0428276024991172,33.96634393093227,-34.68518431609503,2.056045315784574,0.3207422157167827
strong,0,3.113276949190672e-05,1.0448987938730498,24.047372857228158,-24.76453756195801,2.0559826891034065,0.32387181161432393
strong,0,0.00016984777476336866,1.0480169072431804,9.114796165428444,-9.82943795507357,2.0558865075304578,0.32936715698187136
strong,0,0.0009266206335921193,1.049538926899526,1.8267130215469474,-2.5401217362389965,2.0558265303572187,0.3323772295292173
strong,0,0.005055266692748239,1.0499081463780409,0.06351610026887819,-0.7766166166735322,2.0557373908012946,0.3331247492625884
strong,0,0.02757948658637231,1.0499853223390812,-0.2787700804136899,-0.4342162021102223,2.055309310065377,0.33320392403214644
strong,0,0.1504625030879198,1.0500296217995362,-0.3420434786915135,-0.370624433479175,2.0529882989730774,0.33286152545969744
strong,0,0.8208624466080068,1.0502007068299382,-0.35285467464272496,-0.35813509845764224,2.0404200815844202,0.3311745001252946
strong,0,4.478292879771879,1.0510989164763833,-0.35045407053443023,-0.35146160127700926,1.9744883623125735,0.3311118408184305
strong,0,24.43175126342758,1.0554206900147818,-0.3273146077393564,-0.3275365930773018,1.6788260302434819,0.4806059289121688
strong,0,133.28973468756274,1.0694281144326083,-0.23516067948511252,-0.23522763983408645,0.925366594478406,1.209815288127212
strong,0,727.1747809448033,1.0876230539039138,-0.09025550131678906,-0.09027521533558992,0.2691373757977341,1.930808175718926
strong,0,3967.1709399198267,1.095635663750365,-0.020582389247185633,-0.02058665402777165,0.05533404057358514,2.1814285285853607
strong,0,21643.277075830083,1.0975046331982843,-0.003948174067311122,-0.003948984243574515,0.010374899508953704,2.2355772426870155
strong,1,0.0,0.9796509949768025,55.05839529667832,-55.71282452249476,1.906043282907594,0.30986442353937566
strong,1,2.1643277075830085e-10,0.9796510390021967,55.05818445789037,-55.71261364808923,1.9060432815828212,0.30986431568425205
strong,1,1.1807694946228275e-09,0.9796512351574422,55.05724506519825,-55.711674096702865,1.9060432756802947,0.309863835137659
strong,1,6.441799892627282e-09,0.9796523051838025,55.05212068047334,-55.706548846301246,1.9060432434820158,0.3098612138188049
strong,1,3.51438498755493e-08,0.9796581393287,55.02418080526561,-55.67860425113189,1.90604306792583,0.3098469233346277
strong,1,1.9173060397121727e-07,0.9796898646700357,54.872247301703084,-55.52664508101452,1.9060421132646033,0.3097692676741684
strong,1,1.0460044824156602e-06,0.9798599233067284,54.05783198347811,-54.712092181281676,1.9060369956937395,0.30935456980044934
strong,1,5.706576595345749e-06,0.9807059043043328,50.006407019925035,-50.659982798004094,1.9060115304030578,0.30733106814865524
strong,1,3.113276949190672e-05,0.9837429695677016,35.46183224889409,-36.11295094751726,1.9059199577774406,0.30062526058020295
strong,1,0.00016984777476336866,0.9883151616073033,13.565611631478864,-14.213031078764066,1.9057803377410045,0.29227884051915226
strong,1,0.0009266206335921193,0.9905468526532669,2.878810082170646,-3.5244225015303137,1.9057001091685928,0.28901696108007374
strong,1,0.005055266692748239,0.9910876762415115,0.2933626197126323,-0.93852899721411,1.9056115063686003,0.28831433422590935
strong,1,0.02757948658637231,0.9911976930297481,-0.20856101940721605,-0.43646993707000087,1.9052134516074495,0.28820072728810425
strong,1,0.1504625030879198,0.9912454838883333,-0.30142876776603916,-0.34331034333443794,1.9030612942198575,0.28829404042204243
strong,1,0.8208624466080068,0.9914031200685491,-0.3177582680105496,-0.325473408147586,1.8914085449822475,0.2892387605600577
strong,1,4.478292879771879,0.9922238494666497,-0.31681668322349366,-0.31826655388580266,1.8302797308557484,0.3025265191912852
strong,1,24.43175126342758,0.9961703492285029,-0.2962253010794643,-0.2965246754565154,1.55616097662562,0.4798578999925909
strong,1,133.28973468756274,1.008948755076444,-0.21306560391550095,-0.21314422088404167,0.8576587578648859,1.1690950993396279
strong,1,727.1747809448033,1.0255274634831002,-0.0818429898203149,-0.08186414164851913,0.24940698866473043,1.8318588253215655
strong,1,3967.1709399198267,1.0328237103943003,-0.018668650214101745,-0.018673117997858594,0.05127399841073622,2.060548807022678
strong,1,21643.277075830083,1.0345252842788235,-0.003581260933402748,-0.0035821056816665673,0.009613504022312145,2.1098421867742965
strong,2,0.0,1.0048704083403495,-4.607861119859672,3.893594147953792,1.9739158406814463,0.2953755024350276
strong,2,2.1643277075830085e-10,1.004870404961531,-4.6078449383303335,3.8935779636914507,1.9739158407788997,0.2953755065601632
strong,2,1.1807694946228275e-09,1.0048703899071971,-4.607772841490103,3.8935058546743195,1.9739158412131026,0.2953755249397282
strong,2,6.441799892627282e-09,1.004870307785845,-4.607379553411658,3.8931125001709153,1.9739158435816686,0.29537562520065147
strong,2,3.51438498755493e-08,1.0048698600325188,-4.605235214057284,3.8909677986452857,1.9739158564955779,0.2953761718702063
strong,2,1.9173060397121727e-07,1.0048674252067533,-4.593574568169147,3.8793051833170105,1.9739159267105482,0.2953791449792784
strong,2,1.0460044824156602e-06,1.0048543737152187,-4.531069535295553,3.816789593611579,1.9739163028158986,0.2953950930658284
strong,2,5.706576595345749e-06,1.0047894473146608,-4.220129348735187,3.5057968916338793,1.9739181663459928,0.29547470985435736
strong,2,3.113276949190672e-05,1.0045563643594904,-3.1038572021943374,2.3893362374059706,1.9739246985407939,0.2957643862633422
strong,2,0.00016984777476336866,1.0042054932198095,-1.4233582147975974,0.7085537155903786,1.973932708978706,0.29621196051039794
strong,2,0.0009266206335921193,1.0040344167667623,-0.6031628030399081,-0.11177832573124263,1.9739241082029466,0.29643663859321623
strong,2,0.005055266692748239,1.003994012277044,-0.4047283664829555,-0.3102357740395902,1.9738503972746229,0.2964990644664615
strong,2,0.02757948658637231,1.0039915843323777,-0.3661759491119242,-0.3487373692884799,1.973441819899192,0.2965533376616048
strong,2,0.1504625030879198,1.0040207080774504,-0.35888157146963184,-0.3557202680965671,1.9712145098969986,0.296804349939964
strong,2,0.8208624466080068,1.0041866962294488,-0.3567189389905393,-0.3561797706403633,1.9591514357937088,0.2984776424536955
strong,2,4.478292879771879,1.005071797557302,-0.3518714010715123,-0.35181262365049937,1.8958687905670675,0.3157967709827165
strong,2,24.43175126342758,1.009335312091342,-0.32799843221115377,-0.32802532431041176,1.6120752630120545,0.5098652127400423
strong,2,133.28973468756274,1.0231781809514051,-0.23518955505142877,-0.2352208734422754,0.8887550656852398,1.2354098926415724
strong,2,727.1747809448033,1.041197164371691,-0.09013729261838284,-0.09015047395708459,0.2585616030535718,1.9355318326471807
strong,2,3967.1709399198267,1.0491410952678102,-0.02054645649105562,-0.02054952269234158,0.05316640265063312,2.1791231457976847
strong,2,21643.277075830083,1.0509946204378937,-0.003940926307627758,-0.0039415167231814496,0.009968771811511953,2.231810339742881
strong,3,0.0,1.039794803937129,-47.84430548977127,47.10068649995775,1.996772421237442,0.309659637840454
strong,3,2.1643277075830085e-10,1.0397947662018419,-47.84412477400236,47.100505753661025,1.9967724223657137,0.30965957998493576
strong,3,1.1807694946228275e-09,1.0397945980721848,-47.84331959448906,47.09970043813095,1.9967724273927294,0.3096593222113206
strong,3,6.441799892627282e-09,1.0397936809253376,-47.83892734231024,47.095307443981014,1.9967724548150778,0.3096579161080431
strong,3,3.51438498755493e-08,1.0397886803311571,-47.81497930086809,47.071355357061904,1.9967726043306617,0.30965025107879474
strong,3,1.9173060397121727e-07,1.0397614877333248,-47.6847528838656,46.94110694126942,1.9967734173681377,0.30960861460626476
strong,3,1.0460044824156602e-06,1.0396157261526797,-46.986694941655536,46.24293107809385,1.9967777752519973,0.30938672556939684
strong,3,5.706576595345749e-06,1.0388906145211128,-43.514106312041584,42.76975583495834,1.996799446621423,0.3083155282243094
strong,3,3.113276949190672e-05,1.0362874733192173,-31.047548123646585,30.301091733465633,1.996877086964704,0.30492470507223646
strong,3,0.00016984777476336866,1.03236858412213,-12.279690271901831,11.530063793547066,1.9969921268725008,0.3012006828144832
strong,3,0.0009266206335921193,1.030456085297782,-3.119734733377353,2.368562907449864,1.9970356212907314,0.30000006878344093
strong,3,0.005055266692748239,1.0299944148357205,-0.9036664958096448,0.15213148296798884,1.996973699199811,0.2997593136712894
strong,3,0.02757948658637231,1.0299103954758824,-0.4734016620156511,-0.27814507480535594,1.9965629272308407,0.29964845220497555
strong,3,0.1504625030879198,1.0299254642521762,-0.3935175861872505,-0.3577101639242486,1.9943107435635496,0.2992736332962096
strong,3,0.8208624466080068,1.030094649007994,-0.3779709690386998,-0.371448405380887,1.9821105620601935,0.2976071864957357
strong,3,4.478292879771879,1.0310111801872293,-0.3703910938428795,-0.36923788811885977,1.9181077981542882,0.2980265822279784
strong,3,24.43175126342758,1.0354307573410328,-0.3446399164247885,-0.34446836218538573,1.6310749546212073,0.45098432327171234
strong,3,133.28973468756274,1.0498023802051744,-0.24670264839679368,-0.24669898640518245,0.8993988295656383,1.1651765097282984
strong,3,727.1747809448033,1.068543850364646,-0.09443360405155408,-0.0944407372825177,0.2617256595354825,1.8656488980716317
strong,3,3967.1709399198267,1.0768142575192845,-0.021517724401016132,-0.021519712710970283,0.0538232635275074,2.109766946820147
strong,3,21643.277075830083,1.0787444772748667,-0.004126902107536481,-0.00412729627713491,0.010092209068796487,2.16260719786559
strong,4,0.0,0.9998661903701789,-24.325396366329116,23.69128203914775,2.0058657151123653,0.2746508438153439
strong,4,2.1643277075830085e-10,0.999866171286269,-24.325304972631134,23.69119063001105,2.0058657156809803,0.2746508175975194
strong,4,1.1807694946228275e-09,0.9998660862578677,-24.32489776780497,23.690783356397674,2.0058657182144453,0.27465070078446424
strong,4,6.441799892627282e-09,0.9998656224281554,-24.32267646652321,23.688561679881825,2.0058657320344797,0.2746500635845143
strong,4,3.51438498755493e-08,0.9998630934720066,-24.3105651821558,23.67644834961156,2.0058658073856557,0.27464658980018647
strong,4,1.9173060397121727e-07,0.9998493413288119,-24.244705551326273,23.610577593422466,2.005866217126417,0.2746277129627101
strong,4,1.0460044824156602e-06,0.9997756251616582,-23.891675502350264,23.257487908763025,2.005868413200933,0.27452690588874273
strong,4,5.706576595345749e-06,0.9994089136881731,-22.13547725579684,21.50099299690519,2.005879330297532,0.2740349467715554
strong,4,3.113276949190672e-05,0.9980924252341382,-15.830743243681903,15.195193978262312,2.0059183619694636,0.2724005411652048
strong,4,0.00016984777476336866,0.9961105330437642,-6.339242024980792,5.702089657451192,2.0059752673505686,0.27033510369681973
strong,4,0.0009266206335921193,0.9951434003308275,-1.7067615859586653,1.068828298468427,2.005990313759728,0.26950410537583575
strong,4,0.005055266692748239,0.9949103478387503,-0.5860239015529627,-0.05208972588393184,2.00592108258986,0.26933143713074825
strong,4,0.02757948658637231,0.9948701961575555,-0.36841622661012846,-0.2696851346185506,2.0055065432141688,0.26935925950959755
strong,4,0.1504625030879198,0.9948905695844987,-0.32796668419203845,-0.3098740915656507,2.003240847889151,0.2697072129345808
strong,4,0.8208624466080068,0.9950453764145387,-0.3198335519631309,-0.31655122928971724,1.9909688439994362,0.27198600667448997
strong,4,4.478292879771879,0.9958771682287892,-0.31452583107176474,-0.313958890062157,1.9265913209888643,0.29326041889543764
strong,4,24.43175126342758,0.9998777653701486,-0.293660468279234,-0.2935894435057882,1.6379185448203852,0.5049417139140697
strong,4,133.28973468756274,1.0127990637784454,-0.21168785504386275,-0.2116982598314551,0.9024741399505585,1.2468660261543358
strong,4,727.1747809448033,1.0295115085217719,-0.08148016543567571,-0.08148876933221952,0.26234168617091963,1.9464853534844624
strong,4,3967.1709399198267,1.0368545487708771,-0.018597764922726474,-0.018599930409844333,0.053924112581659196,2.1864140334909377
strong,4,21643.277075830083,1.0385662468567174,-0.0035681346618105445,-0.003568557321758271,0.010109983497889961,2.238015367688284
strong,5,0.0,0.976337277006104,68.56559782863175,-69.30786665287268,2.0462879894887753,0.320936809038049
strong,5,2.1643277075830085e-10,0.9763373318031274,68.56533540419423,-69.30760418410311,2.046287987840524,0.3209366795511065
strong,5,1.1807694946228275e-09,0.9763375759513887,68.56416617152482,-69.30643475391214,2.0462879804967358,0.3209361026249898
strong,5,6.441799892627282e-09,0.9763389077795297,68.55778801031363,-69.30005551522135,2.04628794043638,0.320932955587986
strong,5,3.51438498755493e-08,0.976346169356102,68.52301212250225,-69.26527375262748,2.0462877220134734,0.32091579965930633
strong,5,1.9173060397121727e-07,0.9763856568901499,68.33390524799411,-69.07613493179477,2.0462865342477934,0.3208225901403216
strong,5,1.0460044824156602e-06,0.9765973235234783,67.32022800255422,-68.06228644313761,2.0462801671385673,0.3203253284641839
strong,5,5.706576595345749e-06,0.9776502894351883,62.277546209502155,-63.018752775253986,2.046248485314888,0.3179116394806822
strong,5,3.113276949190672e-05,0.9814304286723692,44.17436941392324,-44.9125177350984,2.046134584256672,0.31009947582883723
strong,5,0.00016984777476336866,0.9871212885815799,16.920829218757053,-17.654373226457796,2.045961221039011,0.3010269472658893
strong,5,0.0009266206335921193,0.989898980779962,3.619301880367558,-4.350596894297187,2.045863640574584,0.2978477595842149
strong,5,0.005055266692748239,0.9905719973061314,0.40127595113974696,-1.1320166489346533,2.0457657841487515,0.2971914197215241
strong,5,0.02757948658637231,0.9907082245020244,-0.2234550271194979,-0.5071217984827843,2.0453381052771427,0.29698561184033306
strong,5,0.1504625030879198,0.9907638532092025,-0.3390573792699585,-0.39118174300321434,2.0430285967268516,0.29649938545774657
strong,5,0.8208624466080068,0.9909391275535069,-0.359451938054935,-0.36905041020860646,2.030524379783556,0.2943211172854241
strong,5,4.478292879771879,0.9918494005376967,-0.35866164894382435,-0.36046194309062507,1.964928385168417,0.29266438158180624
strong,5,24.43175126342758,0.9962293053683916,-0.3351029467834776,-0.33547134534591266,1.6707642881752682,0.44836700524368245
strong,5,133.28973468756274,1.0104415761221324,-0.24050961297755238,-0.24060409083432566,0.9210487604181924,1.1851289522544841
strong,5,727.1747809448033,1.0289287809176375,-0.09222387128991583,-0.09224879891576769,0.26793181334558064,1.9042843942189178
strong,5,3967.1709399198267,1.0370762037082297,-0.0210252517728618,-0.021030486226858287,0.05509083747693783,2.1540276339378392
strong,5,21643.277075830083,1.0389770176534106,-0.004032886326390522,-0.004033874845705042,0.01032950470632798,2.2080012533775633
strong,6,0.0,1.024961495449549,68.9166466782646,-69.6180417944551,1.9849488262108872,0.3370802035187295
strong,6,2.1643277075830085e-10,1.024961550509371,68.91638299526568,-69.61777806691154,1.9849488245548716,0.33708012109132907
strong,6,1.1807694946228275e-09,1.0249617958285302,68.9152081550731,-69.6166030282503,1.9849488171764906,0.33707975383933264
strong,6,6.441799892627282e-09,1.0249631340439174,68.90879940483742,-69.61019319536847,1.98494877692743,0.33707775058100714
strong,6,3.51438498755493e-08,1.0249704304459129,68.87385673533952,-69.57524462291832,1.9849485574756542,0.3370668311245361
strong,6,1.9173060397121727e-07,1.025010107356197,68.68384292313829,-69.38519871120907,1.984947364115398,0.3370075407991736
strong,6,1.0460044824156602e-06,1.02522278911047,67.66530418281539,-68.36648790655586,1.9849409670256921,0.3366922701255933
strong,6,5.706576595345749e-06,1.026280804881027,62.59843819121198,-63.29876595544538,1.9849091362899491,0.3351880404847592
strong,6,3.113276949190672e-05,1.0300790729584246,44.408440365889234,-45.105695223044485,1.9847947055084374,0.3306857580463253
strong,6,0.00016984777476336866,1.0357972238632278,17.02419490209913,-17.71682338868821,1.984620601065143,0.3266488055291128
strong,6,0.0009266206335921193,1.038588227775681,3.6588746998943873,-4.349243541710532,1.9845230447435551,0.32590990311277435
strong,6,0.005055266692748239,1.0392644184480837,0.4254150716975913,-1.115227675142283,1.9844274037435807,0.32586694245293824
strong,6,0.02757948658637231,1.0394010067410588,-0.20231406185004197,-0.4873378995962629,1.984012316998536,0.32593783781643826
strong,6,0.1504625030879198,1.039455309170744,-0.3184817806377109,-0.3708527579117499,1.9817715128948243,0.3263632708421303
strong,6,0.8208624466080068,1.039622769955776,-0.33903373235949724,-0.3486748758356973,1.9696394192507976,0.32896244249616535
strong,6,4.478292879771879,1.0404912670896753,-0.33856019387024305,-0.3403658018504667,1.9059958649276645,0.3501733705664316
strong,6,24.43175126342758,1.0446684034256513,-0.3165070379386239,-0.3168741011765294,1.6205940817133015,0.5484799908486392
strong,6,133.28973468756274,1.0582079203572998,-0.2274179424720613,-0.22751063731128224,0.8932775191451994,1.2724718452824288
strong,6,727.1747809448033,1.0757967843125895,-0.08728086330689781,-0.08730504988053257,0.25980777272244393,1.970977127858649
strong,6,3967.1709399198267,1.0835428952992172,-0.01990374632235055,-0.019908809456051516,0.05341620226075759,2.2132743677260307
strong,6,21643.277075830083,1.085349729234039,-0.003817982797505474,-0.003818938372353148,0.010015326406121013,2.2656021150556533
strong,7,0.0,1.019821033941498,-58.58395309931276,57.948640881849,2.029436134298183,0.28305848112623644
strong,7,2.1643277075830085e-10,1.0198209876263464,-58.583731294317616,57.94841903938472,2.0294361356838215,0.28305838354169766
strong,7,1.1807694946228275e-09,1.0198207812690814,-58.58274304166479,57.947430619787994,2.0294361418575373,0.28305794875630874
strong,7,6.441799892627282e-09,1.0198196555907346,-58.57735212597968,57.942038793424366,2.02943617553513,0.28305557708187934
strong,7,3.51438498755493e-08,1.0198135180124284,-58.547959034011775,57.91264073612985,2.0294363591564117,0.2830426482536879
strong,7,1.9173060397121727e-07,1.0197801426388773,-58.38812312171626,57.752777823018114,2.0294373576561875,0.2829724122068457
strong,7,1.0460044824156602e-06,1.0196012392745926,-57.53134820157814,56.89585816934298,2.0294427096762506,0.2825979215362801
strong,7,5.706576595345749e-06,1.0187112591126062,-53.269199365867536,52.63298933694784,2.0294693263833077,0.2807854300604607
strong,7,3.113276949190672e-05,1.0155162413644967,-37.96812799855328,37.32933320791907,2.0295647175932636,0.27499199283178327
strong,7,0.00016984777476336866,1.010706305808257,-14.933034642471965,14.290348827131844,2.0297064477836013,0.26849358254816036
strong,7,0.0009266206335921193,1.0083589029172335,-3.6903864202334336,3.0458030434671164,2.029762743310824,0.26634238896426693
strong,7,0.005055266692748239,1.0077919329176528,-0.9704545110554236,0.32542073706804775,2.0297026269833034,0.2659154316017134
strong,7,0.02757948658637231,1.0076870109903269,-0.44237327823584605,-0.20270015750931034,2.029285098628309,0.26578090983005376
strong,7,0.1504625030879198,1.0076956982038647,-0.34439491184080967,-0.3004248176245009,2.0269928809101954,0.2654614300857383
strong,7,0.8208624466080068,1.0078500696638533,-0.3256883752826817,-0.3176616682524834,2.0145753500106585,0.26418653717730045
strong,7,4.478292879771879,1.0086908787127566,-0.3184012647294485,-0.3169650105936618,1.9494340855975254,0.2682144278705207
strong,7,24.43175126342758,1.0127366505717883,-0.29696000767405045,-0.2967299924384235,1.6573367967401864,0.4465015241968479
strong,7,133.28973468756274,1.0258035951823339,-0.21403239770053284,-0.21401391517489593,0.9131698918237546,1.1891863975810557
strong,7,727.1747809448033,1.042703667647215,-0.08238228766668282,-0.08238567028165021,0.2654494609218619,1.8976193524529124
strong,7,3967.1709399198267,1.0501289681049035,-0.01880373701592091,-0.018804951953326876,0.05456278408000223,2.140911168106915
strong,7,21643.277075830083,1.0518598297146877,-0.0036076551865107886,-0.0036079038970878454,0.010229719404125634,2.1932573736816834
strong,8,0.0,0.9778830601178029,-48.98503001414794,48.277422238170466,2.0020898949990906,0.3021532404654429
strong,8,2.1643277075830085e-10,0.9778830214614547,-48.98484488739519,48.277237080144715,2.0020898961549864,0.302153181616231
strong,8,1.1807694946228275e-09,0.9778828492280075,-48.984020054733534,48.27641210814611,2.0020899013050806,0.30215291941534894
strong,8,6.441799892627282e-09,0.9778819096949956,-48.979520594680814,48.2719118880107,2.002089929398821,0.30215148916528095
strong,8,3.51438498755493e-08,0.9778767870438886,-48.954988019723196,48.24737516882576,2.0020900825750605,0.30214369259606033
strong,8,1.9173060397121727e-07,0.977848930715943,-48.82158298347872,48.1139475967992,2.002090915518687,0.30210134427294694
strong,8,1.0460044824156602e-06,0.9776996113157547,-48.106486559691895,47.39873037358392,2.0020953801054393,0.30187573888332686
strong,8,5.706576595345749e-06,0.9769568008012389,-44.54913757742235,43.840780458399905,2.0021175822600394,0.30078856138597426
strong,8,3.113276949190672e-05,0.974290120723693,-31.77829057810921,31.067776138050114,2.0021971276182007,0.29737562246341565
strong,8,0.00016984777476336866,0.9702755757879017,-12.552339248098743,11.838577310567539,2.00231502968362,0.29372659825656083
strong,8,0.0009266206335921193,0.9683163855499094,-3.1688038843364312,2.4534587024605488,2.0023598815139825,0.2926120537555913
strong,8,0.005055266692748239,0.9678433898973755,-0.8986454370600393,0.18292723619297205,2.0022980616020565,0.2924018762270541
strong,8,0.02757948658637231,0.967757011284415,-0.45788116252687733,-0.2578543249193922,2.00188606433865,0.2923242639037689
strong,8,0.1504625030879198,0.9677707661888469,-0.37606162736344423,-0.33937585683286137,1.9996268593584303,0.2921039691660155
strong,8,0.8208624466080068,0.9679349425265589,-0.3602137656926953,-0.3535276623070685,1.987388608011439,0.29128300399207235
strong,8,4.478292879771879,0.9688250555694079,-0.3528683681863862,-0.3516827437586788,1.923186698129411,0.2963446863882526
strong,8,24.43175126342758,0.9731143651779071,-0.3285772579393225,-0.32839756563217276,1.6352739224254567,0.46360693333578923
strong,8,133.28973468756274,0.987033993409228,-0.2356721110949165,-0.2356655798305861,0.9014881478802915,1.1835041175628689
strong,8,727.1747809448033,1.005141460904094,-0.09035610692361334,-0.09036236513582813,0.2622433756690187,1.8812141340798483
strong,8,3967.1709399198267,1.0131217378017292,-0.02059882820362068,-0.020600627044694828,0.05392136772233607,2.1228943895286823
strong,8,21643.277075830083,1.0149835696184466,-0.003951071106363045,-0.003951429292591525,0.010110236703117451,2.1750807070689033
strong,9,0.0,1.0026543789234315,37.816719020555865,-38.575260248715196,2.01918401744604,0.27877475170600424
strong,9,2.1643277075830085e-10,1.0026544092850047,37.81657361827842,-38.57511482187428,2.0191840165310273,0.27877466980317556
strong,9,1.1807694946228275e-09,1.0026545445610608,37.81592577810545,-38.57446687225875,2.0191840124541853,0.2787743048860356
strong,9,6.441799892627282e-09,1.0026552824916022,37.812391811624394,-38.57093230876876,2.019183990215014,0.2787723142950399
strong,9,3.51438498755493e-08,1.0026593059379998,37.793123433512754,-38.55166067556285,2.0191838689592267,0.27876146184510225
strong,9,1.9173060397121727e-07,1.0026811849301798,37.68834443315234,-38.44686397441063,2.019183209576166,0.2787024749400233
strong,9,1.0460044824156602e-06,1.0027984637827685,37.126693309999034,-37.88511796894517,2.019179674781511,0.2783870735649065
strong,9,5.706576595345749e-06,1.0033818842407771,34.33267982567748,-35.09063247794228,2.019162082814492,0.27683795388174687
strong,9,3.113276949190672e-05,1.005476360060607,24.30219959234893,-25.05845772191009,2.0190987664119433,0.2715568278170131
strong,9,0.00016984777476336866,1.008629527801483,9.201750751091126,-9.955457579713007,2.019001581734335,0.2644775279655089
strong,9,0.0009266206335921193,1.0101686608112335,1.8317349744891347,-2.5841947392370463,2.0189413567544303,0.2614231667848841
strong,9,0.005055266692748239,1.010542046305461,0.048716523126693785,-0.8008639337180321,2.0188535415625855,0.26071513337261765
strong,9,0.02757948658637231,1.0106201730560243,-0.29741575717796637,-0.45461236554410805,2.01843333746638,0.26052298245124655
strong,9,0.1504625030879198,1.0106654241633442,-0.36139020235289576,-0.3902954223433776,2.016155366359441,0.2601915677629566
strong,9,0.8208624466080068,1.0108409029914691,-0.3722671546301241,-0.37760988734842516,2.0038202431813708,0.2589096798536334
strong,9,4.478292879771879,1.0117625551616214,-0.36954284157693973,-0.3705645841925903,1.9391105310712762,0.2629568545385077
strong,9,24.43175126342758,1.0162015011720231,-0.3447198324772727,-0.3449469088321726,1.6489100836846446,0.44126022354200334
strong,9,133.28973468756274,1.0306296926622007,-0.2469631095371911,-0.24703252154347372,0.9091868705688378,1.181941796418279
strong,9,727.1747809448033,1.0494357218968107,-0.09457044963227323,-0.09459098656859037,0.2645554109088188,1.893880646497228
strong,9,3967.1709399198267,1.0577324867038875,-0.021551307072441003,-0.021555753356242074,0.05440347448811437,2.1411816164257353
strong,9,21643.277075830083,1.0596687191341931,-0.004133436772330086,-0.004134281534955641,0.010200926743466917,2.1946686496842975
strong,10,0.0,0.9832186951204653,34.227577818051614,-34.94449415179255,2.0469448005427724,0.2921470550497554
strong,10,2.1643277075830085e-10,0.9832187226125293,34.22744615793886,-34.944362469437834,2.0469447997138013,0.2921470235446585
strong,10,1.1807694946228275e-09,0.9832188451034803,34.22685954601142,-34.94377575841134,2.046944796020318,0.29214688317465953
strong,10,6.441799892627282e-09,0.9832195132913043,34.22365957945263,-34.940575251267454,2.046944775872366,0.29214611748638564
strong,10,3.51438498755493e-08,0.9832231564768663,34.206212281655695,-34.92312500601803,2.0469446660186055,0.29214194357874723
strong,10,1.9173060397121727e-07,0.9832429676587695,34.11133608545688,-34.82823278194457,2.0469440686381906,0.29211927252983716
strong,10,1.0460044824156602e-06,0.9833491623439949,33.602767364890326,-34.319578146474534,2.0469408661948485,0.29199850092179297
strong,10,5.706576595345749e-06,0.9838774430301512,31.072819850527384,-31.78920323516423,2.0469249274471157,0.2914166129251145
strong,10,3.113276949190672e-05,0.9857739675604739,21.990333786691668,-22.705182798868883,2.046867543764846,0.28958943241837687
strong,10,0.00016984777476336866,0.9886291275553918,8.317048665661513,-9.029587496282685,2.0467792637353495,0.2876236354287391
strong,10,0.0009266206335921193,0.9900228079947907,1.6435830065885035,-2.3549925941136487,2.046723200928282,0.2870111422047326
strong,10,0.005055266692748239,0.9903609750217123,0.02908013721628648,-0.7402066684242558,2.0466353398358037,0.2868928889921982
strong,10,0.02757948658637231,0.9904321035393182,-0.28433810703761686,-0.4266791924996703,2.0462093317443864,0.28684645281715715
strong,10,0.1504625030879198,0.9904751797796626,-0.3422629141361151,-0.3684376035804173,2.0438986610498797,0.28671344915732627
strong,10,0.8208624466080068,0.9906454825083871,-0.352093578014499,-0.3569327068492248,2.0313862699290772,0.286374250098026
strong,10,4.478292879771879,0.991540586651401,-0.3495230799006149,-0.35044962257004164,1.9657473624064978,0.2945125407544244
strong,10,24.43175126342758,0.995847684667425,-0.32640638312741926,-0.32661343055340475,1.6713976884276018,0.4765933705562801
strong,10,133.28973468756274,1.0098085042364313,-0.23448826125497238,-0.23455241283133943,0.9212792105388563,1.2196518032719987
strong,10,727.1747809448033,1.027944387832653,-0.08999223651487731,-0.09001141437760478,0.2679514241481915,1.934021806857819
strong,10,3967.1709399198267,1.0359313360458364,-0.020521996112776088,-0.020526160704886193,0.055090474774461405,2.180844026259982
strong,10,21643.277075830083,1.0377943423713774,-0.003936575193834781,-0.003937366921696925,0.010329243517595298,2.2340886177421515
strong,11,0.0,0.9842957013333247,-0.01343510699981763,-0.7021782787046108,1.9337973179452972,0.3079434614933815
strong,11,2.1643277075830085e-10,0.9842957016070953,-0.01343641783916419,-0.7021769676432684,1.9337973179332355,0.3079434615073776
strong,11,1.1807694946228275e-09,0.9842957028268808,-0.013442258286810085,-0.7021711262065202,1.933797317879494,0.30794346156973745
strong,11,6.441799892627282e-09,0.984295709480808,-0.013474117913730403,-0.702139261184048,1.9337973175863257,0.30794346190991184
strong,11,3.51438498755493e-08,0.9842957457602692,-0.013647827353593623,-0.7019655223257711,1.9337973159875665,0.3079434637647046
strong,11,1.9173060397121727e-07,0.9842959430435111,-0.014592437291395905,-0.7010207524130564,1.9337973072846728,0.3079434738522299
strong,11,1.0460044824156602e-06,0.9842970005525623,-0.019655868214570674,-0.6959564639316339,1.933797260368955,0.3079435279644197
strong,11,5.706576595345749e-06,0.984302261383622,-0.04484462579038866,-0.6707634392568528,1.9337970196736063,0.30794379806078104
strong,11,3.113276949190672e-05,0.9843211498664436,-0.1352720004398709,-0.5803207234738839,1.933796000960038,0.30794477319234886
strong,11,0.00016984777476336866,0.9843496105132161,-0.27140632640448975,-0.44416304460943973,1.9337926812596318,0.3079460870950007
strong,11,0.0009266206335921193,0.9843636717638055,-0.3378479884819926,-0.3777082181753466,1.9337788073796998,0.3079451921073041
strong,11,0.005055266692748239,0.9843680502617315,-0.3539171250587961,-0.36162578145850877,1.933705290803099,0.3079360076420427
strong,11,0.02757948658637231,0.9843742766132634,-0.3570090023035792,-0.3584756342749836,1.9333048427188737,0.3078851862320367
strong,11,0.1504625030879198,0.9844047853858038,-0.357429784659313,-0.357739821666843,1.9311231962090076,0.30761829515324535
strong,11,0.8208624466080068,0.9845698428889248,-0.3566782795102358,-0.35677581521978113,1.919307674763613,0.30647409316716695
strong,11,4.478292879771879,0.9854485235357026,-0.3520592162021654,-0.3521173576988109,1.8573234981558253,0.30890095715489657
strong,11,24.43175126342758,0.9896820941369174,-0.3281034019579992,-0.3281518790216781,1.579347747346098,0.4579889422171163
strong,11,133.28973468756274,1.003439340307167,-0.2350748230154926,-0.23511014123471324,0.8708023551603794,1.1496683433029884
strong,11,727.1747809448033,1.0213651461425728,-0.09003360995498598,-0.09004752092414096,0.25337478229259197,1.8330130864868635
strong,11,3967.1709399198267,1.0292722507019092,-0.020518610960695745,-0.020521810025000642,0.05210321258550341,2.071717219635877
strong,11,21643.277075830083,1.0311174608028244,-0.003935418321814659,-0.003936033046327749,0.009769569201593624,2.1234093475018905
strong,12,0.0,0.9467738723753576,6.374398591998521,-7.048670953315113,2.010607554817264,0.3261547751940044
strong,12,2.1643277075830085e-10,0.946773877710311,6.374373042987339,-7.048645399987417,2.010607554653186,0.3261547815472871
strong,12,1.1807694946228275e-09,0.9467739014802075,6.374259209310773,-7.048531547078616,2.010607553922134,0.32615480985438794
strong,12,6.441799892627282e-09,0.9467740311449317,6.373638246897218,-7.047910479753274,2.0106075499342397,0.3261549642705487
strong,12,3.51438498755493e-08,0.9467747381207801,6.370252550218551,-7.044524211060091,2.0106075281905764,0.32615580622924417
strong,12,1.9173060397121727e-07,0.9467785825660474,6.351841560385904,-7.026110110683742,2.010607409941876,0.32616038557155796
strong,12,1.0460044824156602e-06,0.9467991901054728,6.253152385256853,-6.927404261946333,2.0106067758125636,0.32618495767420275
strong,12,5.706576595345749e-06,0.9469017053441523,5.762209031838188,-6.436377962328575,2.0106036136430694,0.3263078276724439
strong,12,3.113276949190672e-05,0.9472697361238827,3.9997273519322456,-4.673598486084478,2.0105921005920218,0.3267575869890459
strong,12,0.00016984777476336866,0.9478238146846053,1.3463884405531101,-2.019811020633369,2.0105729096438423,0.3274599763903413
strong,12,0.0009266206335921193,0.948094408549076,0.05138455336593146,-0.7245865990838399,2.010550792271337,0.3278125299326792
strong,12,0.005055266692748239,0.9481608289090905,-0.2619103996126326,-0.4112290717548099,2.010472434130358,0.3278912969528194
strong,12,0.02757948658637231,0.9481789850709895,-0.32270922598844787,-0.35036733422489336,2.0100553744492142,0.32786507576551227
strong,12,0.1504625030879198,0.9482110748954551,-0.3338359370827475,-0.33895162358932585,2.0077851275413408,0.327643625158416
strong,12,0.8208624466080068,0.9483729948452042,-0.3351237342300287,-0.336099145278507,1.9954901457929304,0.3267312266202806
strong,12,4.478292879771879,0.9492326075945269,-0.33126685914253773,-0.331482738866273,1.93099187096431,0.3303807582224969
strong,12,24.43175126342758,0.9533682505362937,-0.30930872021130745,-0.30938330137783226,1.6417660184326965,0.48437948468068953
strong,12,133.28973468756274,0.9667534576825256,-0.22251523035861576,-0.2225536642935406,0.9047944750793386,1.1919642564078705
strong,12,727.1747809448033,0.9841100507073267,-0.08549991169826163,-0.08551399633209447,0.26309629037725063,1.8852677580400836
strong,12,3967.1709399198267,0.9917464488799559,-0.019504837510993227,-0.019508036325057054,0.054086649088826655,2.1246790291115185
strong,12,21643.277075830083,0.9935272067711426,-0.0037417504897406363,-0.0037423637966790707,0.010140783333861546,2.1762735298713336
strong,13,0.0,1.0165342987865915,-34.5923282638741,33.92744934322958,2.0244913678939955,0.28822484907904655
strong,13,2.1643277075830085e-10,1.0165342715538477,-34.592197845139836,33.927318902464116,2.02449136870708,0.2882248014008816
strong,13,1.1807694946228275e-09,1.0165341502182978,-34.59161676417708,33.92673772334131,2.0244913723297775,0.28822458897168063
strong,13,6.441799892627282e-09,1.0165334883331814,-34.58844696901643,33.92356739271778,2.0244913920915737,0.28822343019891067
strong,13,3.51438498755493e-08,1.016529879512119,-34.57116417586617,33.90628168004321,2.0244914998392387,0.28821711301038805
strong,13,1.9173060397121727e-07,1.016510255200264,-34.477182535104774,33.812284163279486,2.0244920857479203,0.2881827855480951
strong,13,1.0460044824156602e-06,1.0164050622095102,-33.97340893627703,33.30842546370751,2.0244952261400013,0.28799948789838264
strong,13,5.706576595345749e-06,1.0158817647983132,-31.467315436784844,30.80190861939893,2.0245108408105006,0.2871054826306052
strong,13,3.113276949190672e-05,1.0140031344746012,-22.47046502493837,21.803538424100665,2.024566735280288,0.2841443056739633
strong,13,0.00016984777476336866,1.0111749630924993,-8.926100387890532,8.256886052595855,2.0246490101726597,0.28043982820310215
strong,13,0.0009266206335921193,1.0097947956357718,-2.3155547824770837,1.6452254802469057,2.024676324055306,0.27897260741986735
strong,13,0.005055266692748239,1.009461848883057,-0.7162646203910682,0.04567472837454318,2.0246094050228325,0.2786669582668515
strong,13,0.02757948658637231,1.009402474038215,-0.4057474920555464,-0.26484259816867506,2.024191705271274,0.2786941905506899
strong,13,0.1504625030879198,1.009420217584383,-0.3480743077360648,-0.3222404912692505,2.021905727315362,0.2791751647632637
strong,13,0.8208624466080068,1.0095796070161651,-0.33673155973943203,-0.3320320029841115,2.0095232968473327,0.28218476341388704
strong,13,4.478292879771879,1.01043928348798,-0.33058750962602135,-0.3297628940154531,1.9445659837548015,0.30680700775901953
strong,13,24.43175126342758,1.0145768549152006,-0.3083430663140743,-0.30822673229112746,1.6532841390069977,0.5253781884486901
strong,13,133.28973468756274,1.0279627504583426,-0.22187026848483957,-0.22187360550031643,0.9110991464020656,1.2739852317751434
strong,13,727.1747809448033,1.0453110722521872,-0.08527943732679619,-0.08528706778430618,0.26491234751829335,1.9800011198435827
strong,13,3967.1709399198267,1.0529416876373419,-0.019456562687117308,-0.019458576915989175,0.05445839332115441,2.222594682058223
strong,13,21643.277075830083,1.0547209568372797,-0.0037325703452937204,-0.0037329664556552803,0.010210412024724332,2.274819118429915
strong,14,0.0,0.9842240274024515,-24.628528069997206,23.93924112911228,1.9672010581640673,0.28487937860789386
strong,14,2.1643277075830085e-10,0.9842240080995144,-24.62843562735893,23.93914867085815,1.9672010587393347,0.28487938059471396
strong,14,1.1807694946228275e-09,0.9842239220952351,-24.62802374897693,23.93873672289969,1.9672010613024387,0.28487938944754265
strong,14,6.441799892627282e-09,0.9842234529421121,-24.625776953460072,23.936489547843422,1.9672010752841547,0.2848794377553153
strong,14,3.51438498755493e-08,0.9842208949609311,-24.613526665917583,23.924237190923986,1.96720115151688,0.28487970160995923
strong,14,1.9173060397121727e-07,0.9842069849832921,-24.546911153422815,23.857610425420663,1.9672015660515816,0.2848811501549886
strong,14,1.0460044824156602e-06,0.9841324227699152,-24.189829321312605,23.500468273389025,1.9672037878287858,0.28488931042999865
strong,14,5.706576595345749e-06,0.9837615025230955,-22.413474902574404,21.723813785618525,1.9672148329394736,0.2849398119619064
strong,14,3.113276949190672e-05,0.9824299047013383,-16.036380434311088,15.34564209383708,1.9672543274060004,0.2852569076815315
strong,14,0.00016984777476336866,0.9804252670140247,-6.435943702332349,5.743583894849659,1.9673119667608616,0.28613382927193126
strong,14,0.0009266206335921193,0.9794470398212405,-1.7502954421129266,1.0571459383076611,1.9673276270038866,0.28673874404129257
strong,14,0.005055266692748239,0.9792113423289387,-0.6166943615003757,-0.07663653524046371,1.9672600078482552,0.28692451342218
strong,14,0.02757948658637231,0.9791708922787831,-0.3965863950937289,-0.2967265482212635,1.9668538368469126,0.28708543878523896
strong,14,0.1504625030879198,0.9791923854116836,-0.3556574908806155,-0.3373616415296397,1.9646336510598505,0.28780290548833465
strong,14,0.8208624466080068,0.9793537891744737,-0.34734890953484376,-0.3440332939502026,1.9526080684921403,0.29195945652378213
strong,14,4.478292879771879,0.9802210457964947,-0.3415428350754227,-0.34097368068432593,1.889522201610693,0.32132552685496435
strong,14,24.43175126342758,0.9843981348707223,-0.31832364234442306,-0.3182556874326624,1.60661779507339,0.5436884039487984
strong,14,133.28973468756274,0.997945745672261,-0.22847603378190365,-0.22848914144669275,0.8856314768458264,1.2786479915046018
strong,14,727.1747809448033,1.015557173120531,-0.08763898988561744,-0.0876486205160423,0.257607005687859,1.9751378522367016
strong,14,3967.1709399198267,1.023316022006299,-0.019982281134508045,-0.01998467863553073,0.05296586488313114,2.2162450233200492
strong,14,21643.277075830083,1.0251260100498711,-0.00383292489508116,-0.0038333919671830483,0.009930983914142967,2.2683070836358437
strong,15,0.0,1.0138691945636136,16.76359082109149,-17.4496792780798,1.9953097544322789,0.22626106611446425
strong,15,2.1643277075830085e-10,1.0138692081615084,16.76352570059012,-17.44961414657707,1.9953097540203033,0.22626105205581462
strong,15,1.1807694946228275e-09,1.0138692687469588,16.76323555605032,-17.44932395302071,1.9953097521847438,0.2262609894178005
strong,15,6.441799892627282e-09,1.013869599240437,16.761652818330305,-17.44774094791544,1.9953097421717623,0.22626064773704477
strong,15,3.51438498755493e-08,1.0138714012024383,16.753023198042655,-17.439109869753125,1.9953096875772907,0.2262587850593026
strong,15,1.9173060397121727e-07,1.0138812000437567,16.70609641562304,-17.392175159594437,1.995309390690131,0.22624866436879082
strong,15,1.0460044824156602e-06,1.0139337251737357,16.454552881514417,-17.140589130069056,1.9953077990000034,0.22619465355016644
strong,15,5.706576595345749e-06,1.0141950190119016,15.203213754635547,-15.889038602706826,1.9952998733673675,0.22593197765642922
strong,15,3.113276949190672e-05,1.01513306337545,10.710918913023846,-11.395984814713298,1.9952712607903578,0.22507185476259617
strong,15,0.00016984777476336866,1.0165452725785837,3.947965767906985,-4.631888869027104,1.9952263417940024,0.2240238910617792
strong,15,0.0009266206335921193,1.0172346918553206,0.6471986345088677,-1.3305623268129516,1.995191767186543,0.22362052669395108
strong,15,0.005055266692748239,1.0174024439254694,-0.15134939019062663,-0.5318695362419664,1.995110966420488,0.2235292207402951
strong,15,0.02757948658637231,1.0174403033412562,-0.3063564177456021,-0.37678249661049884,1.9946965762175264,0.22348759944855523
strong,15,0.1504625030879198,1.017476209762092,-0.3349357851650251,-0.34790471485113217,1.992443979532921,0.22336174733272335
strong,15,0.8208624466080068,1.017639733253477,-0.3394120299231455,-0.3418281306598694,1.980245152985034,0.22313772217310693
strong,15,4.478292879771879,1.0185044987360032,-0.3360495431241928,-0.3365302566820546,1.916251168141919,0.23395361244061172
strong,15,24.43175126342758,1.0226656681263373,-0.3137486227869209,-0.31387240585413395,1.6292813971408007,0.4362818690474012
strong,15,133.28973468756274,1.0361457107855978,-0.22550947128829052,-0.2255573182103999,0.89800496303644,1.1809765936394434
strong,15,727.1747809448033,1.0536446426241655,-0.08658621478835046,-0.08660211971398948,0.26115835418670147,1.8818732796075037
strong,15,3967.1709399198267,1.0613481894713415,-0.01974812174797983,-0.01975166192243399,0.05369162025108233,2.123158288806298
strong,15,21643.277075830083,1.0631449017721366,-0.0037882417498610785,-0.003788917957421067,0.010066866836651474,2.175162659441207
strong,16,0.0,0.9762810750213277,91.28366033136311,-92.02178489475061,1.9741827831731584,0.34419231482599594
strong,16,2.1643277075830085e-10,0.9762811478750211,91.2833114329511,-92.02143593739845,1.974182780983263,0.3441921550271235
strong,16,1.1807694946228275e-09,0.9762814724748142,91.28175691529448,-92.0198811571339,1.9741827712261784,0.3441914430483937
strong,16,6.441799892627282e-09,0.976283243165851,91.27327702546678,-92.01139983478058,1.9741827180012956,0.3441875593645128
strong,16,3.51438498755493e-08,0.9762928975710669,91.22704180381963,-91.96515680252021,1.974182427800958,0.3441663889139693
strong,16,1.9173060397121727e-07,0.9763453970042973,90.97562052292203,-91.71369304849553,1.9741808497190383,0.3440514059243538
strong,16,1.0460044824156602e-06,0.9766268118482108,89.62791683880498,-90.36576169391518,1.9741723903918191,0.3434390765071141
strong,16,5.706576595345749e-06,0.9780267501626742,82.92357296497507,-83.66028523988734,1.974130300806503,0.3404947171744031
strong,16,3.113276949190672e-05,0.9830525167826828,58.8550460489149,-59.587692349891206,1.9739790418017154,0.33137720023139805
strong,16,0.00016984777476336866,0.9906186136715974,22.6209323385916,-23.347457234532495,1.9737495049764053,0.3222488679962622
strong,16,0.0009266206335921193,0.9943115417991976,4.936291783848945,-5.6598272511629055,1.9736249687454042,0.3199279281184137
strong,16,0.005055266692748239,0.9952059601583865,0.6578617186125254,-1.3806637714991297,1.9735232285333597,0.3195912364052237
strong,16,0.02757948658637231,0.9953850572585474,-0.17274002042097605,-0.5498635806419832,1.9731093135640694,0.3195813690472214
strong,16,0.1504625030879198,0.9954480077945191,-0.32648856244405133,-0.39577197656945073,1.9708815825823731,0.319839108351671
strong,16,0.8208624466080068,0.9956212532943738,-0.35389209133650096,-0.3666365262272823,1.958821503593602,0.32158544459875943
strong,16,4.478292879771879,0.9965132713207707,-0.35440452211501144,-0.35678125973019076,1.895555389552132,0.3386025121528139
strong,16,24.43175126342758,1.0008054895365803,-0.33121314673050667,-0.33168693576213365,1.611833433258894,0.5255125934337178
strong,16,133.28973468756274,1.01474690453598,-0.23751306327005542,-0.23762659128118357,0.8886682407213717,1.2377844986357962
strong,16,727.1747809448033,1.0329035293277575,-0.09100503024539734,-0.09103335527714584,0.2585549166932537,1.928153859149857
strong,16,3967.1709399198267,1.040910328556831,-0.020742412809247848,-0.020748261065048432,0.053166748775838095,2.1681027865089426
strong,16,21643.277075830083,1.0427786653046105,-0.0039784372518984115,-0.003979537882125558,0.009968912354162357,2.219978077508556
strong,17,0.0,0.9905120924527888,-1.1174836442721572,0.4144601870737839,1.9985125424770298,0.27960737196366897
strong,17,2.1643277075830085e-10,0.9905120918439613,-1.11748072832005,0.4144572706296205,1.9985125424913195,0.2796073725625971
strong,17,1.1807694946228275e-09,0.9905120891313287,-1.1174677362889025,0.4144442764061153,1.9985125425549886,0.27960737523112345
strong,17,6.441799892627282e-09,0.9905120743339252,-1.1173968647923314,0.41437339295024006,1.9985125429022916,0.2796073897879435
strong,17,3.51438498755493e-08,0.9905119936534906,-1.1170104494710016,0.41398691242279023,1.9985125447955903,0.2796074691571063
strong,17,1.9173060397121727e-07,0.9905115549236299,-1.1149091718818507,0.41188528025227594,1.9985125550817582,0.2796079007703601
strong,17,1.0460044824156602e-06,0.990509203185872,-1.1036456084204227,0.40061981615099646,1.9985126099448782,0.27961021476181935
strong,17,5.706576595345749e-06,0.9904975042334546,-1.047613407668217,0.3445781614145435,1.998512875315002,0.27962173601594137
strong,17,3.113276949190672e-05,0.9904555072690555,-0.8464583609871758,0.14338919659641572,1.9985136681263798,0.2796632356044499
strong,17,0.00016984777476336866,0.990392307591939,-0.5436281177879912,-0.15949185969761712,1.9985130150104646,0.279726158296744
strong,17,0.0009266206335921193,0.9903616329057578,-0.3958260966759478,-0.30731697143122216,1.9985000269324296,0.27975739831068136
strong,17,0.005055266692748239,0.9903551905086752,-0.36006354267884105,-0.34307532321577067,1.9984243446919794,0.27976703265068126
strong,17,0.02757948658637231,0.990359327304981,-0.35309352873708144,-0.34999063227874516,1.9980103763674053,0.27978064250553303
strong,17,0.1504625030879198,0.9903895101861399,-0.35165485831269944,-0.3511247518261195,1.995754736788787,0.27985919907288415
strong,17,0.8208624466080068,0.9905548360837286,-0.35058846630650065,-0.35053081589450485,1.9835384362460715,0.2806362931042527
strong,17,4.478292879771879,0.9914351824022689,-0.3460522678719085,-0.3460808554886607,1.919452320783954,0.29415888106267973
strong,17,24.43175126342758,0.9956739095954001,-0.32276270819331015,-0.3228048212737219,1.6320628267180508,0.48506305179782927
strong,17,133.28973468756274,1.0094203190642268,-0.23170805830822286,-0.23174169938810935,0.8996504961405792,1.21571645185091
strong,17,727.1747809448033,1.027288664943943,-0.08888574753194094,-0.08889924446557974,0.2616818583893194,1.9155819045361826
strong,17,3967.1709399198267,1.0351603507536586,-0.020266983479092518,-0.020270098684503173,0.05380341413323501,2.157626364189055
strong,17,21643.277075830083,1.0369966385798475,-0.003887552189707093,-0.0038881512100737625,0.010088010701634743,2.209865543656103
strong,18,0.0,0.9938951793839528,-22.378585978372925,21.721733214249575,1.9710939965535244,0.3699753680785331
strong,18,2.1643277075830085e-10,0.9938951618565766,-22.378502038960615,21.721649260657834,1.9710939970755064,0.3699753713860747
strong,18,1.1807694946228275e-09,0.9938950837633136,-22.37812804672099,21.721275205241724,1.9710939994011993,0.36997538612317654
strong,18,6.441799892627282e-09,0.993894657764764,-22.376087920013553,21.719234733906728,1.9710940120878375,0.3699754665239332
strong,18,3.51438498755493e-08,0.9938923350768851,-22.364964460579106,21.70810939544656,1.9710940812593598,0.3699759051904837
strong,18,1.9173060397121727e-07,0.9938797045944251,-22.304476496654146,21.647611213618823,1.9710944573961149,0.3699782993152931
strong,18,1.0460044824156602e-06,0.9938120009108216,-21.980240411542972,21.32332035710337,1.9710964733466019,0.3699913835047507
strong,18,5.706576595345749e-06,0.9934751993941345,-20.367281838144933,19.710089316498486,1.9711064945252026,0.3700627550256775
strong,18,3.113276949190672e-05,0.9922660874103342,-14.57677680829134,13.91860615206529,1.9711423127097312,0.3704050764552371
strong,18,0.00016984777476336866,0.9904458461060707,-5.859424809689047,5.199781845074471,1.9711944132381511,0.37117354138701386
strong,18,0.0009266206335921193,0.9895576118313258,-1.6047802968829081,0.9444203292788843,1.9712073403597394,0.3716572623058902
strong,18,0.005055266692748239,0.9893436593651979,-0.5754520140433202,-0.08507236636080222,1.971138889311064,0.37177705509626674
strong,18,0.02757948658637231,0.9893072828354391,-0.37558961214292624,-0.28491685708142195,1.970731617418961,0.3717568564549802
strong,18,0.1504625030879198,0.9893287217577389,-0.33842111172640793,-0.321809787433315,1.9685061018408871,0.3715220263053239
strong,18,0.8208624466080068,0.989485716845216,-0.3308527331843236,-0.3278437058906179,1.9564517953374607,0.37048367961843043
strong,18,4.478292879771879,0.9903286380714835,-0.3254471616706142,-0.32493197586421124,1.8932157899781232,0.37223837534597115
strong,18,24.43175126342758,0.9943855940322329,-0.3035970652837309,-0.303536994218295,1.6096500036896786,0.5053434630834649
strong,18,133.28973468756274,1.0075168072111684,-0.21836207611293385,-0.21837536737367677,0.8870986348338536,1.1802282845667784
strong,18,727.1747809448033,1.0245448330625047,-0.08389903601052613,-0.08390838026001828,0.25795214233090435,1.858946633344306
strong,18,3967.1709399198267,1.032036852511867,-0.01913935170653424,-0.019141670040474932,0.05302926310291048,2.094612231377458
strong,18,21643.277075830083,1.0337839540722413,-0.0036716260372084853,-0.0036720774476235217,0.009942538435617813,2.1454651508791613
strong,19,0.0,0.9750390263935467,-15.561794585722392,14.851702491167979,1.987763390172575,0.23013255446709024
strong,19,2.1643277075830085e-10,0.9750390143059176,-15.561736697420015,14.85164459308705,1.9877633905313077,0.2301325867842466
strong,19,1.1807694946228275e-09,0.9750389604494591,-15.561478775959058,14.851386628057734,1.98776339212964,0.23013273077361507
strong,19,6.441799892627282e-09,0.9750386666626161,-15.560071815051419,14.84997942948479,1.9877634008485283,0.2301335162412463
strong,19,3.51438498755493e-08,0.9750370648375868,-15.552400589276605,14.842306907878564,1.9877634483865383,0.2301377990542092
strong,19,1.9173060397121727e-07,0.9750283543160319,-15.510685434862236,14.800584706898341,1.9877637068829161,0.23016109372300678
strong,19,1.0460044824156602e-06,0.9749816629579556,-15.287078001582948,14.57693950166419,1.9877650922387937,0.23028611286601428
strong,19,5.706576595345749e-06,0.9747493902514259,-14.174710985053082,13.464384584205707,1.9877719763760835,0.23091182779722705
strong,19,3.113276949190672e-05,0.9739155357462725,-10.181324597372598,9.470323656076305,1.9877965313730181,0.2332094613843979
strong,19,0.00016984777476336866,0.972660229351228,-4.169456046399218,3.4574398680046956,1.987831661331271,0.23681588273211251
strong,19,0.0009266206335921193,0.9720477288656092,-1.23526612374816,0.5227561853625236,1.9878362073510751,0.23863967080654472
strong,19,0.005055266692748239,0.9719005316360136,-0.525394214489967,-0.18722520000532814,1.9877651655926734,0.2390952112540711
strong,19,0.02757948658637231,0.9718773745740519,-0.38754966652602263,-0.3250360646015923,1.987354291426295,0.23923028108179567
strong,19,0.1504625030879198,0.9719026792886325,-0.36185847291024775,-0.3504208777677512,1.9851111939232104,0.23952214073413436
strong,19,0.8208624466080068,0.9720680837877951,-0.3563222354280216,-0.35426534872794607,1.972962017529069,0.24142326670391803
strong,19,4.478292879771879,0.9729536779366657,-0.350883590734322,-0.3505463878447654,1.9092276874780318,0.26183173190721026
strong,19,24.43175126342758,0.9772195642760573,-0.3270288340379234,-0.32700450803434333,1.6234111102211317,0.478014792889667
strong,19,133.28973468756274,0.9910645386555295,-0.23457606603424666,-0.2345978995796813,0.8949606206837564,1.2261217268008562
strong,19,727.1747809448033,1.0090773600077214,-0.08993052639477406,-0.08994194960382991,0.2603493732023581,1.9338058430454756
strong,19,3967.1709399198267,1.017016502051129,-0.020501346889899227,-0.02050408939613327,0.053532381228994064,2.17901112045618
strong,19,21643.277075830083,1.018868774638624,-0.003932354381913928,-0.003932885405267751,0.01003732166836846,2.2319935414954752
strong,20,0.0,1.0166674159535263,-37.529615790748664,36.826226447112894,2.0726882693023727,0.3033968804422608
strong,20,2.1643277075830085e-10,1.0166673864012743,-37.5294742638048,36.82608489626135,2.0726882701849583,0.3033968559168508
strong,20,1.1807694946228275e-09,1.0166672547311502,-37.5288436901893,36.82545421612512,2.0726882741173216,0.3033967466450056
strong,20,6.441799892627282e-09,1.0166665364709628,-37.52540391273488,36.82201385760043,2.0726882955683403,0.30339615060105224
strong,20,3.51438498755493e-08,1.0166626202739837,-37.50664908498902,36.80325586166338,2.072688412526211,0.3033929017696007
strong,20,1.9173060397121727e-07,1.016641324490819,-37.404662706489425,36.701252254942496,2.0726890485185994,0.3033752646608431
strong,20,1.0460044824156602e-06,1.0165271718448021,-36.85798098746557,36.154478186822644,2.072692457369864,0.30328157721729015
strong,20,5.706576595345749e-06,1.0159593033571408,-34.13843493439482,33.434472731044266,2.0727094073485532,0.302836933671064
strong,20,3.113276949190672e-05,1.0139206634111766,-24.37529200609788,23.669680573238796,2.072770091746932,0.3015364375569821
strong,20,0.00016984777476336866,1.0108516056201022,-9.677307516514112,8.9692134901054,2.072859533606121,0.30046001224198576
strong,20,0.0009266206335921193,1.0093538770491928,-2.5037191486570363,1.7944151628948624,2.0728900431539232,0.30031805397231737
strong,20,0.005055266692748239,1.0089925309926264,-0.7682120475408614,0.058625130065450164,2.072822166450656,0.30029556360294846
strong,20,0.02757948658637231,1.0089278748553898,-0.4312475135098941,-0.27834041903568396,2.0723947541061998,0.30014747080392107
strong,20,0.1504625030879198,1.0089459080355403,-0.3686642917701712,-0.34062927149036004,2.0700549869019382,0.299336969937191
strong,20,0.8208624466080068,1.009112242106927,-0.3563674372602935,-0.35126675168253685,2.0573810680639215,0.29526555180715447
strong,20,4.478292879771879,1.0100099353205019,-0.3497675365857696,-0.34887182345689866,1.9908942549397282,0.2834793249119232
strong,20,24.43175126342758,1.0143325412093236,-0.32603405855205014,-0.3259069233790936,1.692745799613516,0.4143701375815766
strong,20,133.28973468756274,1.0283358051753695,-0.2342732190824823,-0.234276047596428,0.9329835527005532,1.1516243360665648
strong,20,727.1747809448033,1.0465137955452604,-0.08994702097743607,-0.08995495063871056,0.27133050985210755,1.8725039574980222
strong,20,3967.1709399198267,1.054516243450401,-0.020514485960097008,-0.02051658850677319,0.055782885179076945,2.1215583986869895
strong,20,21643.277075830083,1.056382666309171,-0.003935246767892137,-0.003935660519468372,0.010458965477546359,2.1752702232288144
strong,21,0.0,1.059320718008249,11.845693804050082,-12.565198932467306,2.030089132876514,0.3654541158564498
strong,21,2.1643277075830085e-10,1.0593207277102479,11.845647341127489,-12.565152461695158,2.030089132581366,0.3654541162818856
strong,21,1.1807694946228275e-09,1.0593207709375267,11.845440325471769,-12.564945411065734,2.0300891312663336,0.3654541181775215
strong,21,6.441799892627282e-09,1.059321006742221,11.844311055601054,-12.56381595041356,2.0300891240928225,0.36545412852128273
strong,21,3.51438498755493e-08,1.0593222924290124,11.838153895091585,-12.55765774969912,2.0300890849800997,0.3654541850103558
strong,21,1.9173060397121727e-07,1.0593292838311164,11.804672035876736,-12.524170233980062,2.030088872280567,0.3654544948944309
strong,21,1.0460044824156602e-06,1.0593667601310006,11.625197868655329,-12.344665745932032,2.0300877318600867,0.3654562338364418
strong,21,5.706576595345749e-06,1.059553191424784,10.732378069247236,-11.451695110213057,2.0300820510029864,0.365466834512624
strong,21,3.113276949190672e-05,1.060222480087045,7.52716400001319,-8.245939518102915,2.0300614944053885,0.36553163148000467
strong,21,0.00016984777476336866,1.0612300902507976,2.7018546320051002,-3.4198146565080867,2.030028671657972,0.36570778757244393
strong,21,0.0009266206335921193,1.061722044680612,0.3467857301542461,-1.0643459931822148,2.0299997835042545,0.3658260162764296
strong,21,0.005055266692748239,1.0618420597812888,-0.22296976600790805,-0.4944837814364952,2.029919114189388,0.3658456891579333
strong,21,0.02757948658637231,1.0618708472872522,-0.33355661348736343,-0.38382115414965823,2.0294979007823244,0.3657821770586126
strong,21,0.1504625030879198,1.0619061425966771,-0.3538967782841994,-0.36316612788043384,2.0272066643698428,0.365411451799123
strong,21,0.8208624466080068,1.0620753677146666,-0.35681291529101455,-0.3585528847990206,2.0147982881906445,0.36367443071877953
strong,21,4.478292879771879,1.0629721892109631,-0.3529129121322044,-0.3532718524145657,1.9497046311322022,0.3623887044298062
strong,21,24.43175126342758,1.0672897983336902,-0.3292602842206831,-0.3293637273690444,1.6577957926528364,0.49575129369446297
strong,21,133.28973468756274,1.0812944552211574,-0.23634599365188638,-0.2363914081344485,0.9138545981938261,1.199947591109942
strong,21,727.1747809448033,1.0995024372423934,-0.09065290265473241,-0.09066870454559993,0.2658210780217178,1.909934667392416
strong,21,3967.1709399198267,1.107524667490465,-0.020669039012227896,-0.020672589439183372,0.054655173685763184,2.1578215094810806
strong,21,21643.277075830083,1.1093961341589493,-0.003964638328830197,-0.003965317679019714,0.010247744791492491,2.2114451377351423
strong,22,0.0,0.9668606340457235,5.260682456389592,-5.9591926140421885,1.9981144852731172,0.30340634650632387
strong,22,2.1643277075830085e-10,0.9668606385050305,5.260661100881843,-5.9591712549263125,1.9981144851353392,0.30340635088330276
strong,22,1.1807694946228275e-09,0.9668606583734825,5.260565951369215,-5.959076089337661,1.9981144845214671,0.30340637038497054
strong,22,6.441799892627282e-09,0.9668607667558373,5.260046911021999,-5.958556961295782,1.998114481172787,0.30340647676728066
strong,22,3.51438498755493e-08,0.9668613576930236,5.257216927851841,-5.955726499984676,1.9981144629143377,0.30340705682224506
strong,22,1.9173060397121727e-07,0.9668645711347423,5.241827837712666,-5.9403348097743205,1.9981143636178524,0.3034102117592937
strong,22,1.0460044824156602e-06,0.9668817962803355,5.159337074013485,-5.857830108771568,1.9981138310806774,0.303427142636881
strong,22,5.706576595345749e-06,0.9669674853211757,4.748975024747061,-5.447398725395275,1.998111174345556,0.3035118521808275
strong,22,3.113276949190672e-05,0.9672751102603283,3.27577941500206,-3.9739541855476626,1.9981014768531198,0.30382261242889075
strong,22,0.00016984777476336866,0.9677382509346293,1.0579480267009087,-1.755747797283662,1.9980850313276897,0.3043104042846489
strong,22,0.0009266206335921193,0.9679644642769482,-0.02449937494402105,-0.6731156791068265,1.998064337457046,0.30456045809502175
strong,22,0.005055266692748239,0.9680201658592795,-0.28637042364139775,-0.41119025517163604,1.9979868021043172,0.3046419716122559
strong,22,0.02757948658637231,0.9680363411035943,-0.3371843453918598,-0.36031244730436013,1.9975725353619602,0.3047692945456646
strong,22,0.1504625030879198,0.9680686103718881,-0.346453952217102,-0.35073964403949054,1.9953171754016863,0.305411424911695
strong,22,0.8208624466080068,0.96823353543925,-0.34736258238239465,-0.3481875477912181,1.9831027431734685,0.30917709915692265
strong,22,4.478292879771879,0.9691096172519205,-0.34323294139219884,-0.3434229442956075,1.9190265745211148,0.33652177630170077
strong,22,24.43175126342758,0.9733270111129753,-0.32023585851937064,-0.32030722005862117,1.6316835890615997,0.5540542398048509
strong,22,133.28973468756274,0.9869999327554831,-0.22997441401637697,-0.23001320195010277,0.8994089499667192,1.2925406079378428
strong,22,727.1747809448033,1.0047660487097099,-0.08824346525804579,-0.08825785082499961,0.2615986175253711,1.9948713519491679
strong,22,3967.1709399198267,1.0125911364180484,-0.02012211926137162,-0.020125392770201294,0.0537850961370222,2.2377343837027555
strong,22,21643.277075830083,1.014416451963144,-0.0038598274339401296,-0.003860455273228161,0.010084523234083391,2.290144903617735
strong,23,0.0,1.036708448763358,-42.17103572628857,41.479599433923106,1.9967430446469188,0.32664407426130565
strong,23,2.1643277075830085e-10,1.036708415516945,-42.17087650789427,41.479440188632495,1.9967430456404993,0.3266440205921781
strong,23,1.1807694946228275e-09,1.0367082673874775,-42.17016710998169,41.478730670883344,1.9967430500674004,0.3266437814705558
strong,23,6.441799892627282e-09,1.0367074593416121,-42.16629734618901,41.474860253382474,1.9967430742161223,0.32664247710005484
strong,23,3.51438498755493e-08,1.0367030536028088,-42.14519808778916,41.45375743074494,1.9967432058827925,0.32663536634170837
strong,23,1.9173060397121727e-07,1.0366790957531902,-42.03046299225078,41.339002953334656,1.9967439218601275,0.32659673177676496
strong,23,1.0460044824156602e-06,1.0365506735243553,-41.41544380847533,40.723879876162165,1.9967477594684122,0.32639058376168095
strong,23,5.706576595345749e-06,1.0359118189626282,-38.35594330652241,37.66386254272314,1.9967668426483198,0.3253888691254129
strong,23,3.113276949190672e-05,1.0336183396732492,-27.3723673335747,26.67843117133853,1.9968351913201692,0.32212393280246965
strong,23,0.00016984777476336866,1.0301656317915864,-10.837074312340743,10.140345176033067,1.996936241901085,0.3182123213192459
strong,23,0.0009266206335921193,1.028480652424182,-2.7667579994455136,2.0686674023258926,1.9969729009043984,0.3167525757266373
strong,23,0.005055266692748239,1.0280739808115096,-0.8143060539204736,0.11589578505966831,1.9969092810439157,0.3164420952043428
strong,23,0.02757948658637231,1.0280003924781724,-0.43522330966862083,-0.26319558820293537,1.9964979368632183,0.31637109344610564
strong,23,0.1504625030879198,1.0280160470637636,-0.364837347094633,-0.33329122441063785,1.9942443242170997,0.3162990042417894
strong,23,0.8208624466080068,1.028178016151941,-0.3511146435799245,-0.34536974936116444,1.9820367432801358,0.3162801930457103
strong,23,4.478292879771879,1.029054068994188,-0.344293935913267,-0.3432796959636773,1.9179960319360383,0.3248268019784757
strong,23,24.43175126342758,1.0332740271552303,-0.32076402743621374,-0.3206147116155164,1.6308115213540224,0.4950498082877341
strong,23,133.28973468756274,1.0469566110645123,-0.2302770373576999,-0.23027541208570626,0.8989361068151799,1.2147198437511644
strong,23,727.1747809448033,1.0647369312351338,-0.08835012113037136,-0.08835710796955466,0.26146422576440626,1.9180624380953253
strong,23,3967.1709399198267,1.0725686556113914,-0.020145894070484952,-0.020147812137612596,0.05375775577150806,2.1625125362897686
strong,23,21643.277075830083,1.074395544075353,-0.0038643670668697286,-0.0038647464876690675,0.010079409791064657,2.215337603156712
strong,24,0.0,0.9951032451126672,-48.06206132836171,47.35292138706516,2.0217790926040293,0.366072158401518
strong,24,2.1643277075830085e-10,0.9951032071905846,-48.06187971803131,47.352739746055775,2.021779093737854,0.3660721275281691
strong,24,1.1807694946228275e-09,0.9951030382286618,-48.061070552797254,47.35193044413148,2.0217790987896103,0.3660719899734951
strong,24,6.441799892627282e-09,0.9951021165418052,-48.056656558521944,47.34751570421126,2.0217791263469196,0.36607123965910027
strong,24,3.51438498755493e-08,0.9950970911939601,-48.03258997183093,47.323445052012524,2.0217792765983513,0.3660671500594423
strong,24,1.9173060397121727e-07,0.9950697639888302,-47.90171892077572,47.19255189324241,2.021780093637152,0.36604495179702967
strong,24,1.0460044824156602e-06,0.9949232808671382,-47.2002055205219,46.490919988145976,2.0217844729658996,0.3659271272465156
strong,24,5.706576595345749e-06,0.994194579824375,-43.71042722288596,43.000552172339056,2.0218062509175083,0.3653702480016828
strong,24,3.113276949190672e-05,0.9915785526191336,-31.182158300300824,30.47016690751998,2.0218842718060066,0.36377514846523906
strong,24,0.00016984777476336866,0.9876402634919235,-12.321397647703595,11.606220449113179,2.021999860537819,0.36257813969381636
strong,24,0.0009266206335921193,0.9857182919931994,-3.11609946276892,2.3993691285397705,2.0220434576811015,0.36251832326162015
strong,24,0.005055266692748239,0.9852543056108704,-0.8890618386366634,0.17196576443951456,2.021980614924968,0.3625249741123955
strong,24,0.02757948658637231,0.985169703400941,-0.4566692096529207,-0.2604427663058426,2.0215644599216946,0.36235720348091005
strong,24,0.1504625030879198,0.9851839365490984,-0.3764009282300025,-0.340412941488372,2.0192828786089327,0.36139870884574893
strong,24,0.8208624466080068,0.9853490098419978,-0.3608383733685202,-0.35428021915986724,2.006923493743885,0.3564382750799862
strong,24,4.478292879771879,0.9862435713358215,-0.3535468997522142,-0.35238474043803775,1.942086217543289,0.33764609301695053
strong,24,24.43175126342758,0.9905537874898781,-0.3292619432760319,-0.3290865775282124,1.651326122022465,0.4154133756376851
strong,24,133.28973468756274,1.0045368614527144,-0.23623872902906287,-0.23623303312028993,0.9103035127915227,1.1003640256195624
strong,24,727.1747809448033,1.0227199558827171,-0.09059622728894012,-0.09060265654490803,0.2647942538117303,1.8059819463045979
strong,24,3967.1709399198267,1.0307319550157337,-0.020655175477598636,-0.020657007453108167,0.05444461592415472,2.0523999222539806
strong,24,21643.277075830083,1.0326010828131125,-0.003961942759730679,-0.003962307099663466,0.01020829049501427,2.1057094744311398
strong,25,0.0,1.0244789321794674,-19.277539439911,18.60287645312236,1.9925059582760416,0.3239390898993752
strong,25,2.1643277075830085e-10,1.0244789171241553,-19.277467339287814,18.602804340319686,1.9925059587238076,0.3239391030227817
strong,25,1.1807694946228275e-09,1.0244788500451796,-19.277146094799633,18.602483041565804,1.9925059607188305,0.32393916149442714
strong,25,6.441799892627282e-09,1.024478484129537,-19.27539370694101,18.600730357687866,1.992505971601663,0.3239394804652822
strong,25,3.51438498755493e-08,1.0244764890339475,-19.265839096833815,18.591174133583515,1.9925060309382248,0.3239412198449899
strong,25,1.9173060397121727e-07,1.0244656399568792,-19.213882336898823,18.53920859693755,1.992506353593609,0.32395068555826767
strong,25,1.0460044824156602e-06,1.0244074852128848,-18.93537641037332,18.26065562428772,1.9925080828628348,0.3240016319260858
strong,25,5.706576595345749e-06,1.02411818625789,-17.549909022300884,16.87495419954306,1.9925166778247092,0.3242602500007278
strong,25,3.113276949190672e-05,1.023079608032955,-12.576095054343432,11.900300062862403,1.9925473742131465,0.32525945657121885
strong,25,0.00016984777476336866,1.021516098314827,-5.0882357008539225,4.411176109756484,1.9925917445519352,0.3269707757880835
strong,25,0.0009266206335921193,1.0207531692824519,-1.4336648055249681,0.7559896365337988,1.9926007647056332,0.32789635122287253
strong,25,0.005055266692748239,1.020569550545434,-0.5495118542495204,-0.12830290644457212,1.9925306004957444,0.32813504030447144
strong,25,0.02757948658637231,1.02053916606672,-0.377833532350118,-0.2999569382799734,1.9921187690421558,0.32821538732669725
strong,25,0.1504625030879198,1.0205622774209224,-0.3458829825964142,-0.3316222153928205,1.989869340946425,0.3284237816257011
strong,25,0.8208624466080068,1.0207226345115799,-0.3392497691916282,-0.3366728228507808,1.977685693168426,0.32980393534107183
strong,25,4.478292879771879,1.0215824597535708,-0.3338912050234068,-0.33345630131926857,1.9137710506876198,0.3449144067900448
strong,25,24.43175126342758,1.025721446157947,-0.31142693385928644,-0.31138256713707585,1.6271585723541946,0.5266903415400183
strong,25,133.28973468756274,1.039126315441544,-0.22385693090763886,-0.22387375277884872,0.8968083080724912,1.238207775190333
strong,25,727.1747809448033,1.0565220865022493,-0.08596730645804072,-0.08597747177037408,0.260799704255676,1.9266003329771288
strong,25,3967.1709399198267,1.0641789151731509,-0.019608149658512628,-0.019610633327184938,0.053616899235600694,2.164261811334194
strong,25,21643.277075830083,1.0659646460952203,-0.003761438749083289,-0.0037619211088760663,0.010052813732070849,2.215488498256045
strong,26,0.0,0.9788508377860157,-31.672620368380066,30.98973018641407,1.9894567948456912,0.32264502308412063
strong,26,2.1643277075830085e-10,0.9788508128812712,-31.67250109850704,30.98961089639325,1.989456795588995,0.32264502593390526
strong,26,1.1807694946228275e-09,0.9788507019181268,-31.671969691320506,30.98907939943816,1.989456798900787,0.3226450386319258
strong,26,6.441799892627282e-09,0.9788500966144595,-31.669070866481654,30.986180084912082,1.9894568169665938,0.3226451079225494
strong,26,3.51438498755493e-08,0.9788467962945553,-31.653265494989302,30.970372043479735,1.9894569154671562,0.3226454864007086
strong,26,1.9173060397121727e-07,0.978828849572934,-31.567317886128794,30.8844099158248,1.9894574510914307,0.3226475647009285
strong,26,1.0460044824156602e-06,0.9787326490371475,-31.106609434183085,30.423623638232808,1.989460321946879,0.3226592863249922
strong,26,5.706576595345749e-06,0.97825408587444,-28.814749639824544,28.131376690107547,1.989474595904231,0.3227321525961674
strong,26,3.113276949190672e-05,0.9765360510695056,-20.586996069519923,19.90223326268027,1.9895256800887844,0.3231931624277838
strong,26,0.00016984777476336866,0.9739496494155225,-8.200473060785685,7.513618127428102,1.9896007463609797,0.3244726181993663
strong,26,0.0009266206335921193,0.9726874829561039,-2.1550306347689663,1.4671562695051465,1.9896247687312283,0.3253498021516044
strong,26,0.005055266692748239,0.9723830921145026,-0.692455380181776,0.004343912510810067,1.9895583517926811,0.3255828708440071
strong,26,0.02757948658637231,0.9723293052376225,-0.40847954366970524,-0.2796254999886053,1.9891478962002143,0.32560801064673434
strong,26,0.1504625030879198,0.9723483246648758,-0.35571854946917864,-0.3320987160465469,1.986902261036231,0.32550708274962065
strong,26,0.8208624466080068,0.9725092586264206,-0.3452474183181384,-0.34095516789009417,1.97473846701856,0.3252164254645311
strong,26,4.478292879771879,0.9733762986234232,-0.3391007122025785,-0.33835208799703864,1.9109276808985922,0.3319830564824602
strong,26,24.43175126342758,0.9775516450940379,-0.3160799683787588,-0.3159787336551527,1.6247769618205015,0.4930971341195563
strong,26,133.28973468756274,0.9910834216832108,-0.22703046052156373,-0.227037256294896,0.8955634237301832,1.1992364408281218
strong,26,727.1747809448033,1.0086581748505212,-0.08713719620530457,-0.08714562401578746,0.26046474657835395,1.8911793921873985
strong,26,3967.1709399198267,1.0163971175412314,-0.019871590468577765,-0.01987376398771828,0.053550545364312106,2.131023170970803
strong,26,21643.277075830083,1.0182022170557983,-0.0038118402743238062,-0.0038122661433553557,0.0100404831151926,2.1827933012697454
strong,27,0.0,1.0554812769527506,25.827334575379126,-26.53372909220374,1.9654172101423182,0.30582638441232146
strong,27,2.1643277075830085e-10,1.0554812977633778,25.8272349128734,-26.533629412861437,1.965417209513986,0.30582639812628004
strong,27,1.1807694946228275e-09,1.0554813904851739,25.826790866355818,-26.533185291328458,1.9654172067144506,0.30582645922943147
strong,27,6.441799892627282e-09,1.0554818962823347,25.824368593741916,-26.530762609505736,1.965417191442981,0.30582679256366513
strong,27,3.51438498755493e-08,1.0554846540591862,25.811161545835716,-26.51755333045489,1.9654171081774656,0.305828610510858
strong,27,1.9173060397121727e-07,1.0554996505006344,25.739343291631755,-26.445722943567592,1.9654166553809411,0.3058385109629362
strong,27,1.0460044824156602e-06,1.0555800365373258,25.354372992265247,-26.060687608849662,1.965414227967733,0.30589200357642354
strong,27,5.706576595345749e-06,1.055979928424057,23.43928342317322,-24.145274511119247,1.9654021450275085,0.30616868975177486
strong,27,3.113276949190672e-05,1.0574155384070152,16.564131185048453,-17.26896078680737,1.9653586102103344,0.30730648688142265
strong,27,0.00016984777476336866,1.059576811128309,6.213890527434283,-6.916971312642992,1.965291254760507,0.3094411549039426
strong,27,0.0009266206335921193,1.0606318246454842,1.1622901133070715,-1.8645156457876708,1.965245924016542,0.31066536388378657
strong,27,0.005055266692748239,1.060888034766072,-0.059835828773671315,-0.6421729747063778,1.96516363371857,0.31098521846018506
strong,27,0.02757948658637231,1.0609431230236679,-0.2970767208916301,-0.404835953711536,1.9647550788087313,0.31108168556701743
strong,27,0.1504625030879198,1.0609825237202446,-0.34088729297897336,-0.360712265758858,1.962536985473623,0.31129312861471947
strong,27,0.8208624466080068,1.0611483329672362,-0.3481291350815508,-0.35180374922088126,1.9505255082693311,0.3126814910091195
strong,27,4.478292879771879,1.0620223716325219,-0.3451045048288079,-0.3458173068382468,1.887513988162763,0.3280109884102374
strong,27,24.43175126342758,1.06623012978649,-0.32205346871107654,-0.32222102502622413,1.6049398147592928,0.5111399130610447
strong,27,133.28973468756274,1.0798841738221228,-0.23109220918395146,-0.23114881626633896,0.884762241761622,1.2179480967043608
strong,27,727.1747809448033,1.0976454222215604,-0.08860879427352417,-0.08862648173903671,0.25737643308938263,1.9008839064172176
strong,27,3967.1709399198267,1.1054729502421023,-0.02020090678785017,-0.020204788032784887,0.05292052094420666,2.1374222499584272
strong,27,21643.277075830083,1.1072991344411562,-0.0038747610479551013,-0.003875500386677133,0.009922572727786254,2.188490135472156
strong,28,0.0,1.0225971868782313,1.4622478978167965,-2.204641183527687,2.0281920045121726,0.3216027449015313
strong,28,2.1643277075830085e-10,1.0225971883356497,1.4622409184602958,-2.204634202991586,2.028192004464408,0.32160274625769036
strong,28,1.1807694946228275e-09,1.0225971948291812,1.4622098219217654,-2.2046031011973466,2.02819200425159,0.3216027523000632
strong,28,6.441799892627282e-09,1.022597230251379,1.4620401903838822,-2.20443344098958,2.0281920030906573,0.32160278526126745
strong,28,3.51438498755493e-08,1.022597423385162,1.4611153019818466,-2.2035083962696187,2.0281919967605413,0.32160296497914964
strong,28,1.9173060397121727e-07,1.0225984736223503,1.4560858759639241,-2.198478120213262,2.0281919623286844,0.32160394232939454
strong,28,1.0460044824156602e-06,1.0226041032551705,1.4291264398164407,-2.1715141275307768,2.0281917774839893,0.3216091831932816
strong,28,5.706576595345749e-06,1.0226321087711643,1.2950128865271895,-2.037377906020598,2.0281908502839237,0.32163530301698695
strong,28,3.113276949190672e-05,1.0227326505330876,0.8135465936027879,-1.555830211371021,2.0281873594624336,0.32172973399952864
strong,28,0.00016984777476336866,1.0228840376510617,0.08872029550911932,-0.8308811003924002,2.0281802307496597,0.32187377805772427
strong,28,0.0009266206335921193,1.0229581022305059,-0.26504191359318025,-0.4770571245053043,2.028163898457666,0.3219443301901229
strong,28,0.005055266692748239,1.0229770378914484,-0.3506221787289516,-0.39145146084344995,2.028086355380632,0.3219580006945904
strong,28,0.02757948658637231,1.0229863138663073,-0.3672082599910232,-0.3748028887973679,2.027666236598339,0.3219418463598898
strong,28,0.1504625030879198,1.0230186076886252,-0.37012426062740694,-0.37156084672720696,2.025377863957617,0.32184683190841035
strong,28,0.8208624466080068,1.0231906188279234,-0.3698031410829874,-0.37010864241234437,2.0129844129011905,0.32164396044781607
strong,28,4.478292879771879,1.024105798610329,-0.3651113944728073,-0.3652090560045852,1.947968563148409,0.3292180100420907
strong,28,24.43175126342758,1.0285144682565577,-0.3403433824918735,-0.3404004384245834,1.6563998246206664,0.49699300160994003
strong,28,133.28973468756274,1.0428343242457094,-0.24395267225733144,-0.24399053079718316,0.9132362413549638,1.217907838197071
strong,28,727.1747809448033,1.0614832036461501,-0.09346668154780409,-0.09348133902657804,0.2657015988989547,1.9224042722039894
strong,28,3967.1709399198267,1.0697069304439684,-0.02130331504271284,-0.021306675768415693,0.054636204158744234,2.167094989233965
strong,28,21643.277075830083,1.071625876096751,-0.004086014145512768,-0.004086659589560261,0.010244434040109811,2.219978269775025
strong,29,0.0,0.9660895535984992,-21.959095542588347,21.24044950724168,2.0078375144971963,0.2851104314778273
strong,29,2.1643277075830085e-10,0.9660895364291314,-21.959013317675,21.24036726843859,2.007837515008366,0.28511042431993877
strong,29,1.1807694946228275e-09,0.9660894599309765,-21.95864696438934,21.240000853267166,2.007837517285883,0.2851103924283756
strong,29,6.441799892627282e-09,0.9660890426337371,-21.9566485081562,21.23800205944731,2.0078375297097195,0.28511021847226936
strong,29,3.51438498755493e-08,0.9660867673883374,-21.945752250213097,21.227103960867552,2.0078375974483564,0.28510927037010214
strong,29,1.9173060397121727e-07,0.9660743948920804,-21.886499779229162,21.167841480735866,2.0078379657930925,0.2851041255156157
strong,29,1.0460044824156602e-06,0.9660080741026027,-21.568886357012268,20.850174406116793,2.0078399399708258,0.28507685854173687
strong,29,5.706576595345749e-06,0.9656781519958085,-19.98887316311806,19.26989431176273,2.0078497532104804,0.28494901468214384
strong,29,3.113276949190672e-05,0.9644937371544691,-14.316641712411732,13.596704713406886,2.0078848220513397,0.28459727533194246
strong,29,0.00016984777476336866,0.962710677822258,-5.777345396957514,5.055966206326039,2.0079357616125684,0.2843849301641074
strong,29,0.0009266206335921193,0.9618406011319575,-1.60960372780944,0.8875224205474294,2.0079478966426167,0.284419493923955
strong,29,0.005055266692748239,0.9616311006415287,-0.6012992646925183,-0.12094178096835669,2.0078779630416457,0.28443875159318965
strong,29,0.02757948658637231,0.9615959138893626,-0.40551554956037583,-0.31670077084388126,2.0074632977947946,0.2844282443709999
strong,29,0.1504625030879198,0.9616193504892052,-0.3690866587525283,-0.35282057103194864,2.005197634926555,0.2843570439027371
strong,29,0.8208624466080068,0.9617863723163764,-0.3615664042318481,-0.3586247651999837,1.992925894057514,0.28431673621125075
strong,29,4.478292879771879,0.9626827018239029,-0.35569983386561244,-0.3552010151357671,1.9285484950932377,0.29364777111823726
strong,29,24.43175126342758,0.9670008388952442,-0.33144040607802755,-0.33138698263346145,1.6398472221902531,0.4741570878569431
strong,29,133.28973468756274,0.9810173112969262,-0.23770108131447282,-0.23771794038018385,0.9040360693135534,1.2020649096892515
strong,29,727.1747809448033,0.9992562111357252,-0.09111832075068897,-0.0911289309338671,0.2629952603470251,1.9028691262929307
strong,29,3967.1709399198267,1.0072956840668226,-0.020771421122272076,-0.020774023144988454,0.054076957951922536,2.1455276554334177
strong,29,21643.277075830083,1.0091714095737467,-0.0039841293258130375,-0.003984634970852239,0.010139453369238636,2.1979269123759093
very_strong,0,0.0,1.0421081849036669,36931.55394799005,-36932.27337040693,2.056067009746881,0.31975527566282674
very_strong,0,2.164328837585915e-10,1.0482158097793375,7680.398570931083,-7681.113037358907,2.055884508544105,0.3297506448986912
very_strong,0,1.1807701111066234e-09,1.0494654400780579,1695.5630958424529,-1696.2765482665964,2.055847168474367,0.332231667368082
very_strong,0,6.441803255913062e-09,1.0497521109480994,322.61464312525663,-323.3278629323357,2.0558386023973654,0.3328208225672498
very_strong,0,3.514386822427365e-08,1.04980709732114,59.26927370217261,-59.98244889088162,2.0558369588135097,0.33293467314499287
very_strong,0,1.9173070407442208e-07,1.0498172621605384,10.587151768862661,-11.300318709024419,2.0558366521183844,0.3329557488463548
very_strong,0,1.0460050285381821e-06,1.0498191284762204,1.6498684425475507,-2.3630338663358987,2.055836580198356,0.3329596164499036
very_strong,0,5.706579574768928e-06,1.0498194718046807,0.011212398318619513,-0.7243775327967308,2.0558364818158594,0.33296031155917766
very_strong,0,3.1132785746432274e-05,1.0498195409501496,-0.28916583375558014,-0.42399918613759463,2.055835998983535,0.33296036231730164
very_strong,0,0.00016984786344147342,1.0498195875076928,-0.3442249462861163,-0.36893971679969984,2.0558333747307835,0.33295995339849943
very_strong,0,0.0009266211173839248,1.049819780893638,-0.3543162772082988,-0.358846488467324,2.055819059800868,0.3329575972079207
very_strong,0,0.005055269332120288,1.0498208247894174,-0.35616100199489115,-0.35699142128010414,2.0557409672043745,0.33294473227022653
very_strong,0,0.027579500985716685,1.0498265169485756,-0.3564718745048893,-0.3566241290153289,2.0553150306962573,0.3328749149130236
very_strong,0,0.15046258164490783,1.0498575446193557,-0.35638016401034506,-0.35640811221140606,2.0529944143475767,0.3325050983498914
very_strong,0,0.8208628751831007,1.0500260471024214,-0.35555327611647075,-0.3555584391398709,2.040426255558725,0.33081468246379653
very_strong,0,4.478295217903924,1.0509229970794216,-0.35101745293196146,-0.3510184390811176,1.9744944730285372,0.33076977100129984
very_strong,0,24.43176401932857,1.0552404405231315,-0.32748053423493434,-0.3274807524720578,1.6788317676245876,0.48043058433095864
very_strong,0,133.2898042785896,1.0692309538138955,-0.23523182975617954,-0.23523189613808554,0.9253708984589344,1.2098209704333964
very_strong,0,727.1751606052462,1.0873990223386187,-0.09027925303105173,-0.09027927266664026,0.2691391364600996,1.9308802364969955
very_strong,0,3967.1730111933575,1.0953986525181827,-0.020587650523654872,-0.020587654776360917,0.055334452082696696,2.1815234956598597
very_strong,0,21643.288375859152,1.097264519517382,-0.003949177770712236,-0.003949178578774547,0.010374978869896712,2.2356774688661147
very_strong,1,0.0,0.9796509949786698,54513.37009585081,-54514.02452507662,1.9060432829056724,0.3098644235356297
very_strong,1,2.164328837585915e-10,0.988666211921826,11336.92803759876,-11337.575151490455,1.9057739002970224,0.2917286453749745
very_strong,1,1.1807701111066234e-09,0.9905107404364503,2502.9555401911507,-2503.6011573532123,1.9057187841471188,0.2890634686059922
very_strong,1,6.441803255913062e-09,0.9909338836603564,476.40210824698363,-477.0473820524539,1.9057061401634983,0.28850541335795127
very_strong,1,3.514386822427365e-08,0.9910150468075736,87.68870743810938,-88.33391538425805,1.9057037144341544,0.2884006737636055
very_strong,1,1.9173070407442208e-07,0.9910300506917781,15.831005072679833,-16.476200843709936,1.905703263359771,0.28838139299768534
very_strong,1,1.0460050285381821e-06,0.9910328053630779,2.639044251276857,-3.284237785287769,1.9057031660714114,0.2883778568158641
very_strong,1,5.706579574768928e-06,0.9910333114736587,0.22029063509236751,-0.8654837488181689,1.9057030692434334,0.28837721242451836
very_strong,1,3.1132785746432274e-05,0.9910334099215419,-0.22308548815612778,-0.4221074932824549,1.905702620552753,0.2883771154567362
very_strong,1,0.00016984786344147342,0.9910334589216412,-0.30435610777343797,-0.3408365480182698,1.9057001872665202,0.28837721308737857
very_strong,1,0.0009266211173839248,0.9910336367782809,-0.31925205971098897,-0.32593889208322957,1.9056869150261357,0.28837786098052676
very_strong,1,0.005055269332120288,0.9910345906658555,-0.32197797455061833,-0.32320369430293855,1.9056145108225593,0.28838142853697313
very_strong,1,0.027579500985716685,0.9910397908806012,-0.32245316059821244,-0.32267786887994293,1.905219600272122,0.28840124832797437
very_strong,1,0.15046258164490783,0.9910681367056268,-0.3224068006376497,-0.3224480254344502,1.9030680219624478,0.2885198441028858
very_strong,1,0.8208628751831007,0.9912220726876363,-0.3216711531527694,-0.3216787457189852,1.8914153600255421,0.28947272142592684
very_strong,1,4.478295217903924,0.992041424589209,-0.31759927110631503,-0.3176006986049189,1.8302864609370344,0.302773320910005
very_strong,1,24.43176401932857,0.9959840175854815,-0.296428309179689,-0.29642860460824233,1.5561672106249043,0.48008006809767506
very_strong,1,133.2898042785896,1.0087472590399214,-0.21314151404957987,-0.21314159204228691,0.857663268351717,1.1692733282960306
very_strong,1,727.1751606052462,1.025301779387834,-0.0818670725263889,-0.08186709358895525,0.24940877865454278,1.832051858154281
very_strong,1,3967.1730111933575,1.0325863231196553,-0.018673926045709208,-0.018673930499230065,0.05127441292948333,2.060755667991163
very_strong,1,21643.288375859152,1.0342850984965177,-0.0035822653043108815,-0.003582266146535318,0.009613583812767912,2.110052674633538
very_strong,2,0.0,1.0048704083396247,-5093.108412529006,5092.394145557098,1.9739158406816433,0.2953755024351958
very_strong,2,2.164328837585915e-10,1.0040281932656143,-1059.5005054085361,1058.7855550271565,1.9739410068042675,0.2964420774192158
very_strong,2,1.1807701111066234e-09,1.003855874648427,-234.21755901027282,233.50246880217085,1.9739461558184823,0.2966698945479085
very_strong,2,6.441803255913062e-09,1.003816343975893,-44.89390107051158,44.17877878553697,1.9739473369342388,0.296722614305429
very_strong,2,3.514386822427365e-08,1.0038087616008458,-8.579712768643283,7.8645843310712715,1.9739475629813774,0.29673274603489885
very_strong,2,1.9173070407442208e-07,1.0038073599578974,-1.8666585510916465,1.151528976533391,1.9739476020219295,0.2967346199683058
very_strong,2,1.0460050285381821e-06,1.0038071028436604,-0.6342458048381836,-0.08088397635125744,1.9739475942011764,0.2967349656052796
very_strong,2,5.706579574768928e-06,1.0038070568238384,-0.40828221164169026,-0.3068475959662229,1.973947510995195,0.29673503764564885
very_strong,2,3.1132785746432274e-05,1.0038070545104856,-0.3668613148708665,-0.3482684350173558,1.9739470496242713,0.2967350981348795
very_strong,2,0.00016984786344147342,1.0038070874879887,-0.35926870066179445,-0.35586069733091236,1.9739445312127752,0.2967353671970764
very_strong,2,0.0009266211173839248,1.003807275757066,-0.35787605562950076,-0.3572514157848989,1.9739307916441797,0.29673682432865345
very_strong,2,0.005055269332120288,1.0038083043800092,-0.3576157070788777,-0.35750125255694154,1.9738558374657085,0.2967447840179911
very_strong,2,0.027579500985716685,1.003813915551136,-0.35754027638467634,-0.3575193378512863,1.9734470185869908,0.29678857188030133
very_strong,2,0.15046258164490783,1.0038445023168352,-0.35737532129729904,-0.357371524050566,1.9712196631024643,0.2970382357117937
very_strong,2,0.8208628751831007,1.004010614495514,-0.3565218457883287,-0.3565211904305779,1.9591565766133252,0.2987142393502131
very_strong,2,4.478295217903924,1.0048949546659007,-0.35191297226208534,-0.35191289238574724,1.895873906383463,0.31604228308408117
very_strong,2,24.43176401932857,1.0091542513345164,-0.3280767893215311,-0.32807681251958337,1.6120802312993394,0.5100818150039423
very_strong,2,133.2898042785896,1.0229803915010727,-0.23524969988595865,-0.23524973063612747,0.8887590895583168,1.2355867203604662
very_strong,2,727.1751606052462,1.0409728747460039,-0.09016029963883089,-0.09016031274367697,0.25856333763885425,1.9357289711377346
very_strong,2,3967.1730111933575,1.048904023990237,-0.02055168703453196,-0.020551690089019307,0.05316681383741925,2.1793370236494303
very_strong,2,21643.288375859152,1.0507544951913743,-0.0039419289363125136,-0.00394192952468045,0.00996885133240763,2.23202856809615
very_strong,3,0.0,1.0397948039333151,-48300.230109902725,48299.486490912896,1.9967724212392175,0.30965963784000666
very_strong,3,2.164328837585915e-10,1.0318072022408624,-10045.330218329156,10044.580117856362,1.997011097793338,0.3008121757032851
very_strong,3,1.1807701111066234e-09,1.0301729255311727,-2218.3135068247107,2217.5620802296253,1.9970599313999282,0.29986684482509174
very_strong,3,6.441803255913062e-09,1.0297980150292294,-422.76030771314765,422.0085768995968,1.9970711339586356,0.2996925004000023
very_strong,3,3.514386822427365e-08,1.0297261034183984,-78.35508288250517,77.60329371685737,1.9970732822139547,0.29966087941163855
very_strong,3,1.9173070407442208e-07,1.029712809850596,-14.68820623863639,13.936406286407998,1.9970736765633885,0.2996550976813015
very_strong,3,1.0460050285381821e-06,1.0297103695705936,-2.9999541125781266,2.2481521823355157,1.9970737338014233,0.29965403586463185
very_strong,3,5.706579574768928e-06,1.029709923306386,-0.8569063413539805,0.10510406063431778,1.9970736615942342,0.2996538273000298
very_strong,3,3.1132785746432274e-05,1.0297098478451052,-0.46406916024162226,-0.2877331182026055,1.9970731971669649,0.29965371294804183
very_strong,3,0.00016984786344147342,1.029709868614553,-0.3920619882341433,-0.35973992688327416,1.9970706505216893,0.2996532767053476
very_strong,3,0.0009266211173839248,1.0297100611923145,-0.37886219927440906,-0.3729376693604775,1.997056754803429,0.29965093156392436
very_strong,3,0.005055269332120288,1.0297111263186551,-0.37643730196498637,-0.37535139020888864,1.9969809483851813,0.2996381566778313
very_strong,3,0.027579500985716685,1.0297169389933254,-0.3759633606671014,-0.3757643583358013,1.9965674810884362,0.2995688486491887
very_strong,3,0.15046258164490783,1.0297486247238419,-0.3757158017862654,-0.3756793682281874,1.994314799234024,0.2992021897171442
very_strong,3,0.8208628751831007,1.0299207089709657,-0.374795218483427,-0.37478858338405135,1.9821145328182115,0.29754037834073516
very_strong,3,4.478295217903924,1.0308369463467062,-0.3698956776209155,-0.3698945040572788,1.9181117858897472,0.2979793202741354
very_strong,3,24.43176401932857,1.0352521849253244,-0.34462798583563753,-0.34462781073357907,1.6310790405529112,0.4510126323296185
very_strong,3,133.2898042785896,1.0496063350100282,-0.24675138859048953,-0.24675138439239497,0.8994025172990926,1.165262437792046
very_strong,3,727.1751606052462,1.0683202142642663,-0.09445583438340131,-0.0944558414473661,0.2617273570085786,1.8657766541501077
very_strong,3,3967.1730111933575,1.076577334134796,-0.021522922418614136,-0.02152292439664648,0.053823672731299406,2.109915569830157
very_strong,3,21643.288375859152,1.0785043803522807,-0.004127903515884362,-0.00412790390827444,0.010092288466432175,2.162760972428175
very_strong,4,0.0,0.999866190366808,-24890.716143412235,24890.082029085042,2.0058657151133152,0.27465084381063865
very_strong,4,2.164328837585915e-10,0.9957499341115938,-5176.792359540152,5176.154905105901,2.005988712463607,0.2700102006238011
very_strong,4,1.1807701111066234e-09,0.9949077411746777,-1143.2904723824286,1142.6523345566704,2.0060138779108794,0.2693158630848496
very_strong,4,6.441803255913062e-09,0.9947145382892535,-217.98681147884506,217.3485168799808,2.006019650885747,0.26916902204948234
very_strong,4,3.514386822427365e-08,0.9946774800324605,-40.50423088595772,39.86590621648979,2.0060207576890936,0.2691413889754792
very_strong,4,1.9173070407442208e-07,0.9946706294649227,-7.694735703009281,7.0564054750078755,2.00602095949897,0.2691362999165294
very_strong,4,1.0460050285381821e-06,0.9946693720003353,-1.6714207225581175,1.0330894758935074,2.006020981300437,0.2691353685705792
very_strong,4,5.706579574768928e-06,0.9946691424990356,-0.5670424437864283,-0.07128897984423849,2.006020902108791,0.26913521032104837
very_strong,4,3.1132785746432274e-05,0.9946691061884184,-0.3646013800197921,-0.2737300225497802,2.00602043374355,0.26913524946497525
very_strong,4,0.00016984786344147342,0.9946691309500407,-0.3274938204583408,-0.31083728637422,2.006017871877293,0.26913562846314415
very_strong,4,0.0009266211173839248,0.994669306888275,-0.32069126818992905,-0.31763819207601957,2.0060038942682867,0.26913772690189164
very_strong,4,0.005055269332120288,0.9946702741960759,-0.3194400294749982,-0.3188804417730434,2.005927641320349,0.2691491942391737
very_strong,4,0.027579500985716685,0.9946755519862367,-0.31918698374368104,-0.3190844476831792,2.005511738649838,0.269212159303727
very_strong,4,0.15046258164490783,0.994704321289257,-0.3190113504494308,-0.3189925910641811,2.0032457903830387,0.26956761015283387
very_strong,4,0.8208628751831007,0.9948605516526544,-0.31827479465664643,-0.318271391319913,1.9909737381514836,0.2718534051496393
very_strong,4,4.478295217903924,0.9956919604468641,-0.31432187942474027,-0.3143212905149553,1.9265961947494674,0.2931604448550331
very_strong,4,24.43176401932857,0.9996890908456562,-0.29369751367664054,-0.29369743878680665,1.6379233207320874,0.5049452346922272
very_strong,4,133.2898042785896,1.0125960698374192,-0.21174277854113718,-0.21174278833846807,0.9024780871739282,1.2469447128692221
very_strong,4,727.1751606052462,1.0292853013474796,-0.08150282050047247,-0.08150282901866159,0.26234341117490556,1.946607158538333
very_strong,4,3967.1730111933575,1.0366170458075519,-0.01860298173356599,-0.01860298388548082,0.053924523018699065,2.186555295729524
very_strong,4,21643.288375859152,1.0383260390249565,-0.0035691369676028217,-0.0035691373878672114,0.010110062932341644,2.23816135665598
very_strong,5,0.0,0.9763372770097942,68108.32438002716,-68109.06664885138,2.0462879894863284,0.32093680903567856
very_strong,5,2.164328837585915e-10,0.9876007703348305,14164.2462743955,-14164.979403537629,2.045951426403321,0.300420252262664
very_strong,5,1.1807701111066234e-09,0.9899052999700679,3127.1973730472305,-3127.9286321950626,2.0458825650144528,0.2978461242288436
very_strong,5,6.441803255913062e-09,0.9904339695413018,595.2482033926107,-595.9790335552415,2.045866767804098,0.2973385288778734
very_strong,5,3.514386822427365e-08,0.9905353737076465,109.5947994912552,-110.32554737012313,2.0458637372185566,0.29724473965561293
very_strong,5,1.9173070407442208e-07,0.9905541193578947,19.816732468897342,-20.54746513636671,2.045863174136376,0.29722752736061414
very_strong,5,1.0460050285381821e-06,0.9905575609801894,3.3348703469530316,-4.065600219706891,2.04586305522726,0.29722436851674067
very_strong,5,5.706579574768928e-06,0.9905581931566894,0.31291143158660356,-1.0436407802609324,2.045862948663584,0.29722377195390576
very_strong,5,3.1132785746432274e-05,0.9905583153302304,-0.2410368606430498,-0.4896923283134532,2.045862466700962,0.29722356696167773
very_strong,5,0.00016984786344147342,0.9905583720442779,-0.342575317685484,-0.38815349474566774,2.0458598555339704,0.29722300761463394
very_strong,5,0.0009266211173839248,0.9905585696730747,-0.36118620661142825,-0.3695406423554744,2.045845613522953,0.2972200589672259
very_strong,5,0.005055269332120288,0.9905596273370485,-0.3645923801328388,-0.36612377368839477,2.0457679190042426,0.29720400484709414
very_strong,5,0.027579500985716685,0.990565392882688,-0.3651885341404687,-0.36546927714728944,2.0453441537502988,0.2971168319332931
very_strong,5,0.15046258164490783,0.9905968203645978,-0.3651440504643246,-0.3651955516216133,2.0430353665984553,0.29665339827717896
very_strong,5,0.8208628751831007,0.9907674968551428,-0.36429830203830854,-0.36430778353078264,2.0305312617884237,0.29448471463484305
very_strong,5,4.478295217903924,0.9916760980732793,-0.35961221187712616,-0.35961399082422857,1.964935180098193,0.29285325358561637
very_strong,5,24.43176401932857,0.9960513897126946,-0.33533396038332514,-0.33533432504046423,1.6707705606353127,0.44856371726454264
very_strong,5,133.2898042785896,1.0102460052947837,-0.24058897759360337,-0.2405890714954562,0.9210532677085583,1.1852940993604517
very_strong,5,727.1751606052462,1.0287053348683441,-0.09224818019113341,-0.09224820504109338,0.2679335961933028,1.9044699726295258
very_strong,5,3967.1730111933575,1.036839324286048,-0.021030535896031335,-0.02103054111857755,0.05509125010983659,2.154228635716997
very_strong,5,21643.288375859152,1.0387369291888517,-0.004033890795143516,-0.004033891781580598,0.010329584126716793,2.2082062086767826
very_strong,6,0.0,1.0249614954527753,68418.54040082732,-68419.24179594348,1.9849488262084638,0.3370802035217673
very_strong,6,2.164328837585915e-10,1.0362762874529357,14228.77832368345,-14229.47053749158,1.9846107302760638,0.32647023974602135
very_strong,6,1.1807701111066234e-09,1.0385913128832536,3141.462069493449,-3142.152404790545,1.9845415552641528,0.32591470362987957
very_strong,6,6.441803255913062e-09,1.039122390237565,597.9813406851118,-598.6712450432286,1.9845256861100693,0.32586637289804427
very_strong,6,3.514386822427365e-08,1.03922425624067,110.1160673582488,-110.80588905785301,1.9845226417405042,0.3258604818507697
very_strong,6,1.9173070407442208e-07,1.0392430872644576,19.92911333965196,-20.618919758606342,1.9845220761949294,0.3258595124785801
very_strong,6,1.0460050285381821e-06,1.0392465445503276,3.3721859002468353,-4.061989511909194,1.984521957295906,0.32585934134654343
very_strong,6,5.706579574768928e-06,1.0392471795459208,0.33646371527821356,-1.0262668013022662,1.9845218532565074,0.325859325331026
very_strong,6,3.1132785746432274e-05,1.039247301947989,-0.2200074922200076,-0.4697954378765917,1.9845213855180432,0.32585940546622916
very_strong,6,0.00016984786344147342,1.0392473571314362,-0.32200841033416355,-0.36779416616947325,1.9845188520351693,0.32585987334446626
very_strong,6,0.0009266211173839248,1.039247545900851,-0.3407041282915778,-0.3490966102703531,1.9845050338489345,0.3258624318811159
very_strong,6,0.005055269332120288,1.0392485551395778,-0.34412618174418297,-0.3456645465368231,1.9844296514452242,0.3258764019522228
very_strong,6,0.027579500985716685,1.0392540565172828,-0.3447270517593355,-0.3450090700160152,1.984018497057956,0.32595293543515746
very_strong,6,0.15046258164490783,1.0392840439238022,-0.3446932763235437,-0.34474500866851654,1.98177841765328,0.32637990101641273
very_strong,6,0.8208628751831007,1.0394468971498347,-0.34390304912676695,-0.343912570439467,1.9696464358175119,0.32898301895062115
very_strong,6,4.478295217903924,1.0403137809078546,-0.33951502372554754,-0.33951680745415314,1.9060027894559881,0.3502123126023163
very_strong,6,24.43176401932857,1.0444866170534564,-0.31673886748641933,-0.31673923070230386,1.6206004606252982,0.5485640212897872
very_strong,6,133.2898042785896,1.0580096260047678,-0.22749744463220636,-0.22749753672637182,0.8932820743922043,1.2725899977159265
very_strong,6,727.1751606052462,1.0755723104570771,-0.08730518535418727,-0.08730520945723635,0.2598095636814546,1.9711293868854125
very_strong,6,3967.1730111933575,1.083305782718068,-0.019909031490254997,-0.019909036540295466,0.05341661595113781,2.2134438231703735
very_strong,6,21643.288375859152,1.085109596092908,-0.0038189873947332646,-0.0038189883480037735,0.010015405997142453,2.2657757833372103
very_strong,7,0.0,1.019821033939195,-59148.076195174064,59147.44088295659,2.0294361343002816,0.2830584811258931
very_strong,7,2.164328837585915e-10,1.0100394579091854,-12301.322160216547,12300.678910808296,2.0297284163840907,0.26781244700580675
very_strong,7,1.1807701111066234e-09,1.0080381310396198,-2716.397673402833,2715.7528000320326,2.0297882177717073,0.26610298937712734
very_strong,7,6.441803255913062e-09,1.0075790175630157,-517.572442808291,516.9271968931135,2.0298019363875692,0.265781894911067
very_strong,7,3.514386822427365e-08,1.0074909549712612,-95.81557240151099,95.17025502862306,2.0298045672389806,0.26572335905974015
very_strong,7,1.9173070407442208e-07,1.0074746757239896,-17.84944208200804,17.20411149975436,2.0298050507517953,0.26571264549590207
very_strong,7,1.0460050285381821e-06,1.0074716873020815,-3.536068527724687,2.8907355222526805,2.0298051240886705,0.2657106801489924
very_strong,7,5.706579574768928e-06,1.0074711404407304,-0.9117032304979031,0.26636979063828614,2.029805053359187,0.26571030815215496
very_strong,7,3.1132785746432274e-05,1.007471046020885,-0.43063684921371775,-0.2146966162023793,2.0298045811610357,0.265710175741201
very_strong,7,0.00016984786344147342,1.0074710604874093,-0.3424573133185574,-0.30287586179704434,2.0298019892188015,0.26570980110017794
very_strong,7,0.0009266211173839248,1.007471236482463,-0.3262933413080143,-0.3190381712788965,2.029787845848842,0.2657078214552542
very_strong,7,0.005055269332120288,1.0074722144054633,-0.3233261255975324,-0.3219963025269283,2.029710688309272,0.26569704811557915
very_strong,7,0.027579500985716685,1.0074775519874266,-0.32275829220849017,-0.32251457386842175,2.0292898517139086,0.26563872514129766
very_strong,7,0.15046258164490783,1.0075066475567402,-0.32252358233371947,-0.3224789448879026,2.0269970221136173,0.2653339109197008
very_strong,7,0.8208628751831007,1.007664649677277,-0.321768693674632,-0.321760547317802,2.0145793847242524,0.26406579103036365
very_strong,7,4.478295217903924,1.008505484980921,-0.3177716783100886,-0.3177702203894893,1.9494381297466574,0.2681210014680308
very_strong,7,24.43176401932857,1.0125478847808784,-0.2969254802103846,-0.2969252463899038,1.6573409229982277,0.44651522305036645
very_strong,7,133.2898042785896,1.0256005688922356,-0.21407827959247985,-0.2140782605152455,0.9131735907156893,1.1892727602718403
very_strong,7,727.1751606052462,1.0424774561181405,-0.08240432781699324,-0.08240433111667829,0.26545115822654186,1.897748119702862
very_strong,7,3967.1730111933575,1.0498914646966255,-0.01880892831263727,-0.01880892951454818,0.054563192976966914,2.1410599921229614
very_strong,7,21643.288375859152,1.0516196218191791,-0.0036086565803690393,-0.003608656826785682,0.010229798732788347,2.1934111188685916
very_strong,8,0.0,0.9778830601171302,-49476.929852612266,49476.22224483627,2.00208989500081,0.3021532404706926
very_strong,8,2.164328837585915e-10,0.9697008584194741,-10290.035101293519,10289.320854127762,2.00233438637409,0.29336054991173954
very_strong,8,1.1807701111066234e-09,0.9680267662222201,-2272.330677549925,2271.615071953882,2.0023844097023846,0.2924941342694789
very_strong,8,6.441803255913062e-09,0.9676427218664553,-433.03285077722484,432.31693355111435,2.002395885188368,0.2923412028459542
very_strong,8,3.514386822427365e-08,0.9675690582900773,-80.23696487777325,79.52098787794112,2.0023980857923056,0.2923138302187468
very_strong,8,1.9173070407442208e-07,0.9675554408521639,-15.01898753999087,14.302999490750652,2.0023984898102496,0.29230883900287047
very_strong,8,1.0460050285381821e-06,0.9675529411085396,-3.045977358678484,2.329987283034125,2.0023985487759375,0.2923079235107274
very_strong,8,5.706579574768928e-06,0.967552483908431,-0.8507190342505484,0.1347285984992059,2.00239847662726,0.29230774739874904
very_strong,8,3.1132785746432274e-05,0.9675524062613254,-0.44831125902690655,-0.2676791803474937,2.0023980108017705,0.2923076696470082
very_strong,8,0.00016984786344147342,0.967552425641612,-0.374549809970883,-0.3414402897072635,2.0023954562135664,0.2923074073345201
very_strong,8,0.0009266211173839248,0.9675526125719086,-0.3610285263545851,-0.3549596541921588,2.002381517104589,0.29230600637793064
very_strong,8,0.005055269332120288,0.9675536472426239,-0.35854503524041326,-0.3574326633180366,2.002305473965074,0.29229838205674763
very_strong,8,0.027579500985716685,0.9675592938484685,-0.35806218427621384,-0.35785832933851897,2.001890715552725,0.29225718334263634
very_strong,8,0.15046258164490783,0.9675900741767628,-0.35782297142888464,-0.3577856458902358,1.9996310000483883,0.2920441700955889
very_strong,8,0.8208628751831007,0.9677572364200978,-0.3569581490853049,-0.35695134798985284,1.9873926607604124,0.29122810380611913
very_strong,8,4.478295217903924,0.9686471323758634,-0.35235854431621716,-0.3523573378783568,1.923190763338001,0.2963109347693867
very_strong,8,24.43176401932857,0.9729324152332958,-0.32856289897488256,-0.328562715645056,1.6352780680976557,0.4636450579389506
very_strong,8,133.2898042785896,0.9868356291782332,-0.23572054524734443,-0.2357205381595811,0.9014918575214056,1.1835937940638253
very_strong,8,727.1751606052462,1.0049169675366432,-0.09037831795875284,-0.09037832414295018,0.26224507529666213,1.881343186633787
very_strong,8,3967.1730111933575,1.0128846212224056,-0.020604025811947722,-0.02060402759955629,0.053921776986433696,2.123043422161755
very_strong,8,21643.288375859152,1.0147434357278586,-0.003952072575301606,-0.003952072931529638,0.010110316095335577,2.1752346909093645
very_strong,9,0.0,1.0026543789265865,37375.701700710466,-37376.460241938614,2.0191840174446702,0.27877475169842114
very_strong,9,2.164328837585915e-10,1.0088354580875212,7772.752826562271,-7773.506352197397,2.0189993213633715,0.2640517872608675
very_strong,9,1.1807701111066234e-09,1.0101001172563329,1715.9398116416146,-1716.6923110779885,2.0189615322181274,0.2615528161666797
very_strong,9,6.441803255913062e-09,1.0103902358174874,326.4793842253464,-327.2316482470502,2.0189528631229323,0.2610056901982887
very_strong,9,3.514386822427365e-08,1.0104458834926562,59.9668514113697,-60.71907027808915,2.0189511997888645,0.2609018745107783
very_strong,9,1.9173070407442208e-07,1.0104561705815964,10.699246487746954,-11.451457006690827,2.0189508894957884,0.2608827225970513
very_strong,9,1.0460050285381821e-06,1.0104580593457797,1.6544775557097258,-2.4066865399019863,2.01895081720489,0.2608792057928519
very_strong,9,5.706579574768928e-06,1.0104584068195361,-0.003886035849214112,-0.7483226547824746,2.01895072033472,0.2608785492321184
very_strong,9,3.1132785746432274e-05,1.0104584768849962,-0.30787681060207356,-0.444331759860882,2.0189502464013027,0.2608783645149117
very_strong,9,0.00016984786344147342,1.0104585244847584,-0.36359808850401565,-0.3886100979156839,2.0189476708161407,0.2608779795174306
very_strong,9,0.0009266211173839248,1.01045872282765,-0.37381072177388447,-0.3783954192398196,2.0189336214164175,0.26087599378177734
very_strong,9,0.005055269332120288,1.0104597936324098,-0.37567729097990804,-0.3765177003575265,2.01885697738252,0.26086519648347717
very_strong,9,0.027579500985716685,1.0104656325568646,-0.3759900397552487,-0.3761441283052473,2.0184389416659396,0.26080674539113546
very_strong,9,0.15046258164490783,1.0104974604776331,-0.37588707416061967,-0.3759153614102689,2.0161613699930436,0.26050125965166343
very_strong,9,0.8208628751831007,1.010670315804325,-0.37499511803042374,-0.37500034606150345,2.003826307439796,0.25923034654020816
very_strong,9,4.478295217903924,1.011590630715865,-0.3701115939953661,-0.3701125948574789,1.9391165384607456,0.2632989787946674
very_strong,9,24.43176401932857,1.0160248932868008,-0.3448867182566555,-0.3448869416829538,1.6489157440373845,0.4415369774142722
very_strong,9,133.2898042785896,1.0304350023237658,-0.24703439629365162,-0.2470344651492146,0.9091911500913923,1.1821352014242836
very_strong,9,727.1751606052462,1.0492125938158645,-0.09459420997350354,-0.09459423043706769,0.26455717063490125,1.8940862502110878
very_strong,9,3967.1730111933575,1.0574956783750211,-0.021556568308638467,-0.021556572743860702,0.054403886332116826,2.1414021174071163
very_strong,9,21643.288375859152,1.0594286442506604,-0.004134440395454441,-0.004134441238292498,0.010201006189850505,2.1948931090576407
very_strong,10,0.0,0.9832186951214025,33744.97723882796,-33745.69415516169,2.046944800541594,0.29214705504844257
very_strong,10,2.164328837585915e-10,0.9887993388334635,7017.684772143152,-7018.397160102965,2.0467780459991136,0.28753483288861753
very_strong,10,1.1807701111066234e-09,0.9899411479018255,1549.2358836887774,-1549.9473451356857,2.0467439277225727,0.2870391877985725
very_strong,10,6.441803255913062e-09,0.9902030840916992,294.74886037502165,-295.4601092756468,2.0467361007399942,0.2869472540557228
very_strong,10,3.514386822427365e-08,0.9902533261034253,54.12558865844595,-54.83679679047973,2.0467345989242345,0.2869305506189463
very_strong,10,1.9173070407442208e-07,0.9902626138983146,9.643882071554678,-10.355082666713534,2.0467343184491216,0.28692749544940166
very_strong,10,1.0460050285381821e-06,0.990264319201499,1.4777299234327403,-2.1889291328747937,2.0467342514120377,0.2869269347145053
very_strong,10,5.706579574768928e-06,0.9902646330043285,-0.019538774760391106,-0.6916601693524501,2.0467341543032305,0.28692682667327224
very_strong,10,3.1132785746432274e-05,0.990264696716265,-0.2939996183571275,-0.41719921570340457,2.0467336737687893,0.2869267781321307
very_strong,10,0.00016984786344147342,0.990264742161872,-0.3443080782242543,-0.36689040060564465,2.046731061199803,0.28692661246943696
very_strong,10,0.0009266211173839248,0.9902649347113149,-0.353528624175347,-0.357667961602679,2.0467168098549786,0.2869257273277358
very_strong,10,0.005055269332120288,0.9902659750021926,-0.35521374680512025,-0.3559725195717942,2.0466390641086356,0.2869209158003249
very_strong,10,0.027579500985716685,0.9902716476733616,-0.355495425106849,-0.35563454685295626,2.0462150194020707,0.28689508664672736
very_strong,10,0.15046258164490783,0.9903025691523967,-0.35539869382796113,-0.35542423472308554,2.043904710072814,0.28676664659231865
very_strong,10,0.8208628751831007,0.9904704951026985,-0.3545726902442928,-0.3545774119176057,2.031392372123857,0.2864325703610988
very_strong,10,4.478295217903924,0.9913643806273849,-0.35004691591369463,-0.3500478210688046,1.9657534039942497,0.2945918966233599
very_strong,10,24.43176401932857,0.995667173451601,-0.32656567769590067,-0.32656588099377004,1.6714033726658815,0.47670810653788737
very_strong,10,133.2898042785896,1.0096111553393587,-0.23455857969869767,-0.23455864327133888,0.9212834955999468,1.2197792502280314
very_strong,10,727.1751606052462,1.027720283726336,-0.09001593213142536,-0.0900159512307042,0.2679531832223447,1.934178855463598
very_strong,10,3967.1730111933575,1.035694308249664,-0.02052725509983028,-0.020527259252314398,0.055090886309403106,2.181018132656964
very_strong,10,21643.288375859152,1.037554225512266,-0.003937578821901173,-0.003937579611508723,0.010329322898747136,2.2342669944347437
very_strong,11,0.0,0.984295701332323,-497.3373299822112,496.62171659650585,1.933797317945346,0.3079434614933224
very_strong,11,2.164328837585915e-10,0.9842135132137928,-103.71501758745055,102.9993375107775,1.9337997737947077,0.3079394605372346
very_strong,11,1.1807701111066234e-09,0.9841966973870537,-23.179231953007147,22.463538231252556,1.9338002762492466,0.30793873428102536
very_strong,11,6.441803255913062e-09,0.9841928397612362,-4.703956778700944,3.988259926715567,1.9338003914249775,0.3079385720869236
very_strong,11,3.514386822427365e-08,0.984192099836521,-1.1602125424252523,0.44451509010103596,1.9338004130243807,0.3079385411022536
very_strong,11,1.9173070407442208e-07,0.9841919630911804,-0.5051146782003086,-0.2105828847148189,1.933800414327017,0.30793853503740337
very_strong,11,1.0460050285381821e-06,0.9841919381910227,-0.38484885907126376,-0.33084872202964327,1.9338003998857662,0.30793853204886734
very_strong,11,5.706579574768928e-06,0.9841919347394725,-0.3627980460304691,-0.352899526854814,1.9338003171441203,0.3079385212693423
very_strong,11,3.1132785746432274e-05,0.9841919401838566,-0.3587559308062564,-0.35694157756042805,1.933799865014006,0.3079384634739992
very_strong,11,0.00016984786344147342,0.9841919743359134,-0.3580148398660276,-0.35768231290273256,1.9337973982460974,0.3079381483652108
very_strong,11,0.0009266211173839248,0.9841921614703716,-0.3578780613485229,-0.3578171507635672,1.9337839406470212,0.3079364296954212
very_strong,11,0.005055269332120288,0.9841931825210513,-0.35784787423263803,-0.35783675042152613,1.9337105247514905,0.3079270653011338
very_strong,11,0.027579500985716685,0.9841987521361717,-0.35781443235802973,-0.35781243436445515,1.9333100960515566,0.3078763329884715
very_strong,11,0.15046258164490783,0.984229112398672,-0.357656088320597,-0.3576557630575195,1.9311284522458676,0.3076101372883496
very_strong,11,0.8208628751831007,0.9843939964263554,-0.35679796329778074,-0.3567979445648616,1.9193129264346416,0.3064697718560052
very_strong,11,4.478295217903924,0.9852718534373537,-0.3521579746382391,-0.35215801165889316,1.8573287219357955,0.3089169887179077
very_strong,11,24.43176401932857,0.9895011606504177,-0.32819143385909455,-0.3281914786371506,1.5793528035564257,0.4580644175285809
very_strong,11,133.2898042785896,1.0032415984641896,-0.23513620868451654,-0.23513624343315226,0.8708064172980664,1.1497819797637567
very_strong,11,727.1751606052462,1.021140861644216,-0.0900567024508784,-0.09005671628499441,0.25337652287322915,1.833163506349128
very_strong,11,3967.1730111933575,1.0290351796729387,-0.020523845065268893,-0.02052384825254402,0.0521036244822189,2.071886896011215
very_strong,11,21643.288375859152,1.0308773355675234,-0.0039364210778998435,-0.003936421690562552,0.009769648832067046,2.1235837897147003
very_strong,12,0.0,0.9467738723758206,5849.19668002227,-5849.870952383585,2.0106075548170503,0.3261547751940705
very_strong,12,2.164328837585915e-10,0.947741240559822,1216.1948778550259,-1216.868365252261,2.010578649001583,0.3273530995515296
very_strong,12,1.1807701111066234e-09,0.9479391657137908,268.27493471642737,-268.9482615086922,2.0105727348062072,0.3276097650619723
very_strong,12,6.441803255913062e-09,0.9479845706446904,50.817792469320025,-51.491082418063165,2.010571377969654,0.3276691929267369
very_strong,12,3.514386822427365e-08,0.9479932797753795,9.107317946128582,-9.780600827847682,2.0105711172022596,0.3276806150745345
very_strong,12,1.9173070407442208e-07,0.9479948897851003,1.396704271607028,-2.0699858465598195,2.0105710661972904,0.3276827271075743
very_strong,12,1.0460050285381821e-06,0.9479951855577482,-0.01884493317827428,-0.6544363999426747,2.0105710415574136,0.32768311327921557
very_strong,12,5.706579574768928e-06,0.9479952408779535,-0.2783866906194408,-0.3948945876328513,2.0105709536954715,0.3276831753949947
very_strong,12,3.1132785746432274e-05,0.9479952569658714,-0.32596266328877194,-0.3473185474651675,2.0105704828939164,0.3276831393725364
very_strong,12,0.00016984786344147342,0.9479952923608527,-0.33468317455160135,-0.3385977104573919,2.010567915960292,0.32768287413956226
very_strong,12,0.0009266211173839248,0.9479954758604001,-0.3362807754490787,-0.3369983402199299,2.0105539122134637,0.3276814149424716
very_strong,12,0.005055269332120288,0.9479964751715401,-0.33656894921458175,-0.33670051515321675,2.010477516950215,0.3276734638509473
very_strong,12,0.027579500985716685,0.9480019258423872,-0.3365963298682839,-0.33662048334284134,2.0100608380862917,0.3276304426985963
very_strong,12,0.15046258164490783,0.9480316373612289,-0.33646258482087094,-0.33646704978622266,2.007790660303314,0.3274063484338975
very_strong,12,0.8208628751831007,0.9481929890265239,-0.33568199813333066,-0.33568285416975907,1.9954956834212667,0.3264962477939827
very_strong,12,4.478295217903924,0.9490517840245842,-0.3314445158298817,-0.33144471000312403,1.9309973670308387,0.33016674118683853
very_strong,12,24.43176401932857,0.9531835391716823,-0.3094098924936548,-0.3094099632616787,1.6417712799010673,0.48429204872159126
very_strong,12,133.2898042785896,0.9665531890557852,-0.22257823822823206,-0.22257827606753977,0.904798605070653,1.1920024658686958
very_strong,12,727.1751606052462,0.983884854142057,-0.08552311387026985,-0.08552312787240485,0.2630980346497587,1.885359513510836
very_strong,12,3967.1730111933575,0.9915091739142051,-0.019510076548762877,-0.01951007973466452,0.05408706034932637,2.1247915753310997
very_strong,12,21643.288375859152,0.9932870425768607,-0.003742753501192079,-0.00374275411222751,0.010140862784797394,2.1763909882401733
very_strong,13,0.0,1.0165342987848913,-35126.91422111987,35126.24934219922,2.024491367895253,0.28822484907908275
very_strong,13,2.164328837585915e-10,1.0107252311404225,-7305.634472575487,7304.964879927929,2.0246649479374623,0.2799372719052505
very_strong,13,1.1807701111066234e-09,1.0095366861526414,-1613.3539504857467,1612.6833934017557,2.0247004626882275,0.2787214036497283
very_strong,13,6.441803255913062e-09,1.0092640285329924,-307.5189333385664,306.84815500848714,2.0247086098395055,0.2784661707141888
very_strong,13,3.514386822427365e-08,1.0092117300565124,-57.04659818590243,56.37577741865484,2.024710172029246,0.278418230548645
very_strong,13,1.9173070407442208e-07,1.0092020621775397,-10.744190106242073,10.073361494395009,2.0247104579968767,0.27840940475667614
very_strong,13,1.0460050285381821e-06,1.0092002875046986,-2.2437853712145426,1.5729553211364036,2.0247104951112025,0.27840778891482837
very_strong,13,5.706579574768928e-06,1.0091999632082964,-0.6852312576739846,0.014400954347903746,2.0247104179786337,0.2784075102638129
very_strong,13,3.1132785746432274e-05,1.0091999097137512,-0.39953626661426944,-0.27129402610874354,2.024709945907048,0.27840755506203063
very_strong,13,0.00016984786344147342,1.0091999323770937,-0.3471682662858786,-0.32366171338592836,2.024707361081919,0.2784080863478076
very_strong,13,0.0009266211173839248,1.0092001136674216,-0.33756844726795576,-0.3332597777465941,2.024693257717653,0.2784110378413628
very_strong,13,0.005055269332120288,1.0092011132526135,-0.3358041886014994,-0.33501445520980716,2.0246163186384236,0.27842716244615323
very_strong,13,0.027579500985716685,1.0092065676763304,-0.33545554616003337,-0.3353108270093434,2.0241966736030856,0.27851551454757045
very_strong,13,0.15046258164490783,1.009236300032616,-0.33525387857067096,-0.3352273892762023,2.021910335445838,0.2790088115326853
very_strong,13,0.8208628751831007,1.009397763954982,-0.3344662730150141,-0.33446145496341023,2.009527840057221,0.2820265066801258
very_strong,13,4.478295217903924,1.0102571289255216,-0.33025615802090347,-0.3302553119201471,1.9445705197910585,0.3066826000572879
very_strong,13,24.43176401932857,1.0143910099870386,-0.3083586691097038,-0.3083585490062025,1.653288649837468,0.5253620457984184
very_strong,13,133.2898042785896,1.027761724235552,-0.2219224747676887,-0.22192247751884647,0.9111029911486068,1.2740513110903215
very_strong,13,727.1751606052462,1.0450855997634065,-0.08530190583458047,-0.08530191338432568,0.26491406061797185,1.980112824677551
very_strong,13,3967.1730111933575,1.052704350769223,-0.019461771414276654,-0.01946177341593537,0.0544588029899547,2.222726588615634
very_strong,13,21643.288375859152,1.0544807808090186,-0.003733572297351288,-0.003733572691253514,0.010210491389189827,2.2749559191862434
very_strong,14,0.0,0.9842240274012409,-25138.730415609163,25138.041128668272,1.9672010581649653,0.284879378605251
very_strong,14,2.164328837585915e-10,0.9800667602828801,-5228.3939262535005,5227.701265927573,1.9673252809559647,0.2863371277493008
very_strong,14,1.1807701111066234e-09,0.9792161764545632,-1154.7056699632205,1154.012319437056,1.9673506971308028,0.28688821855969293
very_strong,14,6.441803255913062e-09,0.9790210486605817,-220.18307337618728,219.48956451496466,1.967356527625583,0.2870266363464792
very_strong,14,3.514386822427365e-08,0.9789836211871726,-40.93220787905137,40.23866864763441,1.9673576454721025,0.2870536967755927
very_strong,14,1.9173070407442208e-07,0.9789767023676095,-7.795826897747022,7.1022820524551795,1.9673578493795412,0.2870587180181155
very_strong,14,1.0460050285381821e-06,0.9789754323811615,-1.7125007492320234,1.0189548753410724,1.9673578718723177,0.2870596451545455
very_strong,14,5.706579574768928e-06,0.9789752006284572,-0.5971193875909256,-0.09642666386615409,1.9673577944781615,0.2870598408338619
very_strong,14,3.1132785746432274e-05,0.978975164147839,-0.39266137072982227,-0.30088465311110757,1.9673573355573528,0.2870600167387802
very_strong,14,0.00016984786344147342,0.9789751902023671,-0.3551840858176545,-0.33836160472287236,1.9673548251496662,0.2870608129680312
very_strong,14,0.0009266211173839248,0.9789753736011368,-0.348313664298765,-0.3452301744152067,1.9673411282632334,0.2870651272755753
very_strong,14,0.005055269332120288,0.9789763816843966,-0.34704944416539324,-0.3464842856833678,1.9672664067510466,0.28708866972013336
very_strong,14,0.027579500985716685,0.9789818819188096,-0.3467910672972124,-0.34668751412843357,1.966858856871445,0.2872174285059051
very_strong,14,0.15046258164490783,0.9790118640819113,-0.34659836615933093,-0.3465794243420928,1.9646384155844205,0.28792940199709127
very_strong,14,0.8208628751831007,0.979174690297899,-0.3457712665246237,-0.3457678337342895,1.9526127859847335,0.29208745221878296
very_strong,14,4.478295217903924,0.9800414666867143,-0.34133555981727987,-0.3413349694084491,1.8895269081741952,0.3214627341033464
very_strong,14,24.43176401932857,0.9842146002520352,-0.31836018805597505,-0.31836011637616,1.6066224443761514,0.5438282564392487
very_strong,14,133.2898042785896,0.9977462515836011,-0.22853090926167202,-0.22853092179339693,0.8856353811035192,1.2787883598953407
very_strong,14,727.1751606052462,1.0153322502183442,-0.08766164036289627,-0.08766164991508592,0.25760872783153843,1.975307549049397
very_strong,14,3967.1730111933575,1.0230788077743864,-0.01998749718297131,-0.01998749956835666,0.05296627557711607,2.2164328839347593
very_strong,14,21643.288375859152,1.0248858574392898,-0.0038339270613656387,-0.003833927526314558,0.009931063433348344,2.268499544245299
very_strong,15,0.0,1.0138691945644918,16250.193189071255,-16250.879277528238,1.9953097544316991,0.2262610661133586
very_strong,15,2.164328837585915e-10,1.0165566312421028,3379.2933839101147,-3379.9772916655897,1.9952294514580724,0.22401617625598685
very_strong,15,1.1807701111066234e-09,1.0171064852962086,745.8856857426503,-746.5691473229355,1.9952130213180237,0.2236900674100886
very_strong,15,6.441803255913062e-09,1.017232624315962,141.76999373709668,-142.45335296275374,1.995209252076708,0.22362170331584538
very_strong,15,3.514386822427365e-08,1.0172568190597224,25.894507100578267,-26.57784669351847,1.995208528589742,0.22360886584143042
very_strong,15,1.9173070407442208e-07,1.0172612917457862,4.473721985377826,-5.157057948645162,1.995208392068163,0.22360650224302683
very_strong,15,1.0460050285381821e-06,1.0172621130626058,0.5411977235340767,-1.2245330184764578,1.9952083518482657,0.22360606770935296
very_strong,15,5.706579574768928e-06,1.017262264747902,-0.17983286143673385,-0.503502300202132,1.9952082617817184,0.2236059829036804
very_strong,15,3.1132785746432274e-05,1.0172622985344562,-0.31200328683855527,-0.37133179163071095,1.9952077941331179,0.2236059392912289
very_strong,15,0.00016984786344147342,1.0172623373600314,-0.33622994381635746,-0.3471047989784268,1.9952052471833919,0.22360577819236896
very_strong,15,0.0009266211173839248,1.017262522505523,-0.3406697770773743,-0.34266315605742215,1.9951913529697636,0.22360491395951518
very_strong,15,0.005055269332120288,1.017263527667284,-0.34147882170414284,-0.34184424270483604,1.99511555534144,0.22360021882010295
very_strong,15,0.027579500985716685,1.0172690096807462,-0.3416011041471484,-0.3416681235705113,1.9947021361355755,0.22357511578663075
very_strong,15,0.15046258164490783,1.0172988920132515,-0.3414816318966193,-0.34149395487371387,1.9924497175635567,0.22345335045389225
very_strong,15,0.8208628751831007,1.0174611733514072,-0.34068670517025557,-0.34068900232768495,1.9802509139166278,0.2232355639046819
very_strong,15,4.478295217903924,1.0183249747614957,-0.3363563736850002,-0.33635683275753747,1.9162568804869848,0.23407526293525074
very_strong,15,24.43176401932857,1.02248211977725,-0.31387152876158636,-0.3138716487442093,1.6292868288874642,0.43641835269393287
very_strong,15,133.2898042785896,1.0359462254054064,-0.22557522783172818,-0.22557527508709704,0.8980091592616918,1.1811110599771153
very_strong,15,727.1751606052462,1.0534197313143305,-0.08660960359070796,-0.08660961941389372,0.26116010625345976,1.8820349998932846
very_strong,15,3967.1730111933575,1.0611109784840491,-0.019753368402779657,-0.01975337193019723,0.053692032032379294,2.1233368161648527
very_strong,15,21643.288375859152,1.0629047498079094,-0.0037892450087385512,-0.0037892456827038207,0.010066946337465828,2.175345434149871
very_strong,16,0.0,0.9762810750269952,90822.24676468511,-90822.98488924847,1.9741827831698948,0.34419231481932056
very_strong,16,2.164328837585915e-10,0.9913008888605914,18888.0796965541,-18888.805633395627,1.9737339779291498,0.32170813271058984
very_strong,16,1.1807701111066234e-09,0.9943739679753449,4170.228405184412,-4170.951848397595,1.9736421516070755,0.3198943379531566
very_strong,16,6.441803255913062e-09,0.9950789462894081,793.8864419145498,-794.6093130780482,1.9736210861400612,0.31961917681369906
very_strong,16,3.514386822427365e-08,0.9952141682518407,146.26997834206114,-146.992739780585,1.9736170450682373,0.31957244429854703
very_strong,16,1.9173070407442208e-07,0.9952391654715296,26.551360487516213,-27.27410164185037,1.9736162952883272,0.31956401896776043
very_strong,16,1.0460050285381821e-06,0.9952437547807856,4.572877118640628,-5.295614546980716,1.9736161426562897,0.3195624811653259
very_strong,16,5.706579574768928e-06,0.9952445973627357,0.5431095290447734,-1.2658462625947102,1.9736160329205206,0.3195622088574215
very_strong,16,3.1132785746432274e-05,0.9952447579763748,-0.19557784866574893,-0.527158694091143,1.9736155668034756,0.31956221026348336
very_strong,16,0.00016984786344147342,0.9952448210335861,-0.33097895022203744,-0.3917572114992078,1.9736130481602843,0.31956249048286806
very_strong,16,0.0009266211173839248,0.9952450159903602,-0.3557968107535224,-0.36693739314606805,1.9735993120313189,0.31956406957476824
very_strong,16,0.005055269332120288,0.9952460522446027,-0.3603407282146072,-0.36238281687201734,1.9735243774792053,0.3195727047521791
very_strong,16,0.027579500985716685,0.9952516997557445,-0.36114552485677315,-0.3615198770613199,1.973115665800757,0.31962014765701335
very_strong,16,0.15046258164490783,0.9952824836777598,-0.361139812584122,-0.3612084718962571,1.9708888942585594,0.31988879729839625
very_strong,16,0.8208628751831007,0.9954496674096373,-0.3603041066009773,-0.36031673291771626,1.958828966134057,0.32164054854758667
very_strong,16,4.478295217903924,0.9963397404631611,-0.3556374643297927,-0.35563981947531836,1.895562746090746,0.33867445261724377
very_strong,16,24.43176401932857,1.0006272805550924,-0.33149173351766525,-0.33149220351589337,1.6118401505868145,0.525618029063381
very_strong,16,133.2898042785896,1.0145510567852942,-0.23759846664363712,-0.23759857958444802,0.8886729251216957,1.2379107427408869
very_strong,16,727.1751606052462,1.032679958106635,-0.09102975176024677,-0.09102978000502623,0.2585567219233697,1.9283107066931313
very_strong,16,3967.1730111933575,1.0406734192751703,-0.020747714136825184,-0.020747719972654743,0.05316716322656322,2.1682760428047505
very_strong,16,21643.288375859152,1.042538571060301,-0.003979442347615546,-0.003979443446066595,0.00996899199201501,2.220155382044214
very_strong,17,0.0,0.9905120924525397,-1613.9632096537864,1613.2601861965875,1.9985125424770929,0.2796073719638773
very_strong,17,2.164328837585915e-10,0.9902452409962321,-335.93556855865813,335.23232856673053,1.9985205162291395,0.2798740770230036
very_strong,17,1.1807701111066234e-09,0.9901906427407071,-74.44896859451553,73.74568429922132,1.9985221476552721,0.2799296850278466
very_strong,17,6.441803255913062e-09,0.990178117654048,-14.462754383376753,13.759459924701446,1.9985225218191764,0.2799424915042239
very_strong,17,3.514386822427365e-08,0.9901757152228835,-2.95679309946263,2.253496691416981,1.9985225930784196,0.27994495005155723
very_strong,17,1.9173070407442208e-07,0.9901752711460684,-0.8297968607888255,0.126500092757276,1.9985226034699342,0.2799454046936027
very_strong,17,1.0460050285381821e-06,0.9901751898250488,-0.4393133050978725,-0.2639835269728813,1.9985225901992725,0.27994548859412005
very_strong,17,5.706579574768928e-06,0.9901751760310751,-0.36771791447512303,-0.33557891816026714,1.9985225049553146,0.27994550633842685
very_strong,17,3.1132785746432274e-05,0.9901751795925646,-0.354593897937454,-0.34870287382382653,1.9985220375438655,0.27994552247244475
very_strong,17,0.00016984786344147342,0.990175213470144,-0.35218810153436525,-0.35110832639916156,1.9985194871085685,0.27994559572051947
very_strong,17,0.0009266211173839248,0.9901754009397583,-0.3517462154624773,-0.3515483345401889,1.9985055730031716,0.27994599307683526
very_strong,17,0.005055269332120288,0.9901764241545867,-0.35166026791429467,-0.35162403655196567,1.9984296666973533,0.2799481739395874
very_strong,17,0.027579500985716685,0.990182005630859,-0.35161750640412653,-0.3516109050936965,1.9980156546961256,0.27996047466151863
very_strong,17,0.15046258164490783,0.9902124304021731,-0.35146236487993854,-0.3514611946878819,1.9957600060635752,0.28003953775712526
very_strong,17,0.8208628751831007,0.9903776601141053,-0.35063145563055487,-0.3506312808805616,1.983543698599728,0.2808205518634643
very_strong,17,4.478295217903924,0.9912572264877476,-0.3461370652283951,-0.3461370725432536,1.9194575527814026,0.2943572375335169
very_strong,17,24.43176401932857,0.9954918352615438,-0.32284829175981844,-0.322848330145009,1.6320678833730775,0.4852479800829129
very_strong,17,133.2898042785896,1.0092218551783985,-0.23176910326370734,-0.23176913632920698,0.8996545502914107,1.215873720222675
very_strong,17,727.1751606052462,1.0270641331307655,-0.08890881543611277,-0.08890882885490993,0.2616835950684636,1.9157610751224325
very_strong,17,3967.1730111933575,1.03492322541809,-0.02027221664799303,-0.020272219751158456,0.05380382515761824,2.1578220026151764
very_strong,17,21643.288375859152,1.0367565030102168,-0.0038885549331631824,-0.0038885555300751003,0.010088090166363245,2.2100654350191213
very_strong,18,0.0,0.9938951793825586,-22921.190066001443,22920.53321323731,1.9710939965543481,0.36997536807795195
very_strong,18,2.164328837585915e-10,0.9901046358974787,-4767.197522192446,4766.537593618583,1.9712072613209035,0.3713514998741444
very_strong,18,1.1807701111066234e-09,0.9893290843398413,-1052.8601843964384,1052.1996265067435,1.9712304354655128,0.37179517257560274
very_strong,18,6.441803255913062e-09,0.9891511692896665,-200.7743213809179,200.11361912332333,1.9712357516281527,0.3719046703570091
very_strong,18,3.514386822427365e-08,0.9891170433940474,-37.33565335810331,36.67492340935214,1.9712367708193785,0.37192600174858426
very_strong,18,1.9173070407442208e-07,0.9891107349043408,-7.122321022654763,6.4615859552533585,1.971236956482819,0.37192995635150383
very_strong,18,1.0460050285381821e-06,0.9891095769593807,-1.5756213171389803,0.9148853119271402,1.9712369755905668,0.3719306810685822
very_strong,18,5.706579574768928e-06,0.9891093657188998,-0.5586307235118724,-0.10210544331228617,1.9712368973809173,0.37193080479682883
very_strong,18,3.1132785746432274e-05,0.9891093328311255,-0.3722084934623966,-0.2885276465983392,1.9712364372476119,0.37193077749201775
very_strong,18,0.00016984786344147342,0.9891093586320198,-0.33803717560363766,-0.3226986519197956,1.971233920818322,0.3719304997970449
very_strong,18,0.0009266211173839248,0.9891095370077174,-0.33177278874863725,-0.32896130317594974,1.9712201911895058,0.3719289615527183
very_strong,18,0.005055269332120288,0.9891105170206583,-0.33061996029283036,-0.33010465738440953,1.9711452910768545,0.3719205754721075
very_strong,18,0.027579500985716685,0.9891158640109089,-0.3303836740827036,-0.33028925705037077,1.9707367670904743,0.3718751295639499
very_strong,18,0.15046258164490783,0.9891450106608016,-0.3302041416385824,-0.33018687216500064,1.9685110192390516,0.3716362834315238
very_strong,18,0.8208628751831007,0.9893032948814396,-0.3294290162189146,-0.3294258876819883,1.9564566685355915,0.37060081829962643
very_strong,18,4.478295217903924,0.9901457658015681,-0.3252676255807742,-0.3252670887028469,1.8932206453092786,0.3723728625140626
very_strong,18,24.43176401932857,0.9941990378084188,-0.3036382682481145,-0.3036382043659536,1.6096547685327227,0.5055048947407961
very_strong,18,133.2898042785896,1.007315236904682,-0.21841753988756898,-0.21841755258338594,0.8871025822515423,1.180382347063382
very_strong,18,727.1751606052462,1.0243191423560603,-0.08392172781593121,-0.08392173707721973,0.2579538689652396,1.8591240459466678
very_strong,18,3967.1730111933575,1.0317994652265199,-0.019144569819905942,-0.01914457212521664,0.053029673979216964,2.0948062906331475
very_strong,18,21643.288375859152,1.0335437683469397,-0.003672628344684029,-0.003672628793801495,0.009942617956511161,2.1456635034116633
very_strong,19,0.0,0.9750390263936735,-16051.212587269538,16050.50249517498,1.9877633901731215,0.23013255446424435
very_strong,19,2.164328837585915e-10,0.9723846116320253,-3338.4641440966734,3337.751898096008,1.9878427064149504,0.23762757195613424
very_strong,19,1.1807701111066234e-09,0.9718415139177814,-737.414479978123,736.7017932846563,1.987858934634302,0.23925613813437868
very_strong,19,6.441803255913062e-09,0.9717169248355884,-140.72186801633535,140.00908022595024,1.9878626573694067,0.23963410795357626
very_strong,19,3.514386822427365e-08,0.9716930273991401,-26.2702030480089,25.557395866284608,1.9878633709211977,0.2397067911943902
very_strong,19,1.9173070407442208e-07,0.9716886097479632,-5.112626130151443,4.3998153641197755,1.9878635000624292,0.23972023426491904
very_strong,19,1.0460050285381821e-06,0.971687798941499,-1.2284228132757478,0.5156113913092853,1.9878635086757563,0.23972270416864644
very_strong,19,5.706579574768928e-06,0.9716876514027327,-0.5162518903397956,-0.19655964049814384,1.9878634278991512,0.23972316654919482
very_strong,19,3.1132785746432274e-05,0.9716876304847839,-0.3857054487174046,-0.3271060399129889,1.9878629637884295,0.23972330321759597
very_strong,19,0.00016984786344147342,0.9716876600772058,-0.36177613791154517,-0.3510350038373496,1.9878604274980003,0.23972361148776175
very_strong,19,0.0009266211173839248,0.9716878478629447,-0.3573890085436424,-0.3554202193880748,1.9878465898526223,0.2397252136331491
very_strong,19,0.005055269332120288,0.9716888771454245,-0.3565798089144286,-0.35621897418080845,1.987771100532794,0.23973395493166416
very_strong,19,0.027579500985716685,0.9716944925172168,-0.35640395105663575,-0.35633785128192685,1.987359362845548,0.23978209735894868
very_strong,19,0.15046258164490783,0.9717251022591172,-0.35622154795024796,-0.3562094725119776,1.985116105037638,0.24005826238791528
very_strong,19,0.8208628751831007,0.9718913382825322,-0.35537007913691004,-0.3553679061808583,1.9729668974996484,0.2419578939493234
very_strong,19,4.478295217903924,0.9727763108858559,-0.35078902358046216,-0.35078866531658626,1.9092325511479842,0.26235189934038294
very_strong,19,24.43176401932857,0.9770380517680294,-0.327084288929414,-0.32708426091701703,1.6234158804186478,0.47837192777701587
very_strong,19,133.2898042785896,0.9908664541747415,-0.23463331487134334,-0.23463333613819198,0.89496456799872,1.2263539069543177
very_strong,19,727.1751606052462,1.008852965507497,-0.08995333647232602,-0.0899533478193482,0.2603510989440033,1.9340424453305833
very_strong,19,3967.1730111933575,1.016779407438579,-0.020506569306452695,-0.020506572037303147,0.05353279185817271,2.1792621779891572
very_strong,19,21643.288375859152,1.0186286449389172,-0.003933356729124199,-0.003933357258110687,0.010037401140325006,2.232248590080806
very_strong,20,0.0,1.01666741595028,-38025.72982826207,38025.02643891842,2.072688269303777,0.3033968804446289
very_strong,20,2.164328837585915e-10,1.0103789591011807,-7908.518618398493,7907.810126330957,2.072876173916609,0.30039394981355483
very_strong,20,1.1807701111066234e-09,1.009092330277808,-1746.4866666318323,1745.777130538429,2.0729146194981576,0.30033071251097326
very_strong,20,6.441803255913062e-09,1.0087971717806377,-332.8885369945673,332.17876139689844,2.072923438993124,0.30034275936266935
very_strong,20,3.514386822427365e-08,1.0087405574090587,-61.746149289875646,61.03632775294032,2.072925130133021,0.3003462025423505
very_strong,20,1.9173070407442208e-07,1.008730091693744,-11.622667686434262,10.912837657524822,2.0729254398720585,0.3003468779595517
very_strong,20,1.0460050285381821e-06,1.008728170559326,-2.420773054423553,1.7109414685688913,2.0729254809882947,0.30034699776816526
very_strong,20,5.706579574768928e-06,1.0087278194571974,-0.7336003635249476,0.023768503386061953,2.072925402613636,0.3003469895499147
very_strong,20,3.1132785746432274e-05,1.0087277613113064,-0.4243285954861181,-0.28550325392306003,2.0729249195348842,0.3003468231172631
very_strong,20,0.00016984786344147342,1.0087277845533364,-0.3676389649591012,-0.34219254964735757,2.0729222738836697,0.3003458928451249
very_strong,20,0.0009266211173839248,1.008727973758176,-0.3572469387941893,-0.3525826986275504,2.0729078385375033,0.3003408140191389
very_strong,20,0.005055269332120288,1.0087290173926415,-0.35533714669034644,-0.35448224037206927,2.0728290883548595,0.3003131186280543
very_strong,20,0.027579500985716685,1.0087347122575472,-0.3549600643637531,-0.3548034016310689,2.072399565089549,0.300162421767998
very_strong,20,0.15046258164490783,1.0087657553924236,-0.35474356590764977,-0.3547148898661329,2.0700594072736904,0.29935213452668324
very_strong,20,0.8208628751831007,1.0089343407600257,-0.3539009236750774,-0.35389570727811204,2.0573854194489978,0.2952849177902738
very_strong,20,4.478295217903924,1.009831697221319,-0.34939980966001016,-0.34939889298484905,1.9908986063563732,0.28352204443433493
very_strong,20,24.43176401932857,1.0141503196484136,-0.32604346991679095,-0.3260433391160248,1.6927501622264134,0.4144715796614539
very_strong,20,133.2898042785896,1.0281373200557016,-0.23432461653623113,-0.2343246188028862,0.9329873353747646,1.1517437386405975
very_strong,20,727.1751606052462,1.0462892792364138,-0.08996943126520617,-0.08996943911981507,0.27133221395679746,1.8726547346044247
very_strong,20,3967.1730111933575,1.054279123292571,-0.0205196918117445,-0.02051969390286376,0.055783293892175005,2.121727685063162
very_strong,20,21643.288375859152,1.0561425317976982,-0.003936248532509853,-0.003936248944267295,0.010459044702744055,2.175444183682239
very_strong,21,0.0,1.0593207180073572,11365.679433827068,-11366.398938955484,2.030089132876152,0.3654541158571099
very_strong,21,2.164328837585915e-10,1.0612003797090668,2363.4440952973396,-2364.1620751875444,2.030032966928614,0.36570247968187913
very_strong,21,1.1807701111066234e-09,1.0615849616476247,521.5716388205043,-522.2893066444095,2.030021475264316,0.36579394245721586
very_strong,21,6.441803255913062e-09,1.0616731864931208,99.03772794723716,-99.75532418170246,2.0300188389301885,0.3658168690818494
very_strong,21,3.514386822427365e-08,1.0616901089158686,17.991459507625425,-18.709042010443433,2.030018332737521,0.3658213494781721
very_strong,21,1.9173070407442208e-07,1.0616932372393555,3.0092164895488502,-3.726796453545904,2.0300182363373356,0.3658221801767868
very_strong,21,1.0460050285381821e-06,1.0616938117594694,0.2587088008283478,-0.9762882966440446,2.030018203222755,0.3658223302031847
very_strong,21,5.706579574768928e-06,1.0616939182350091,-0.2455983637474212,-0.47198103480698395,2.0300181130385444,0.36582234365924693
very_strong,21,3.1132785746432274e-05,1.0616939439555595,-0.33804171665539207,-0.3795376017670396,2.0300176376190384,0.3658222694490131
very_strong,21,0.00016984786344147342,1.0616939825099188,-0.35498639805663207,-0.3625925657760376,2.0300150469676694,0.3658218375398732
very_strong,21,0.0009266211173839248,1.0616941741921042,-0.3580914037704111,-0.35948564070371514,2.030000914098012,0.36581947663414216
very_strong,21,0.005055269332120288,1.0616952164838704,-0.3586554872311738,-0.3589110888650478,2.029923814473559,0.36580660676395016
very_strong,21,0.027579500985716685,1.0617009013050702,-0.35873128804653587,-0.3587781800115323,2.029503293833088,0.36573672658708944
very_strong,21,0.15046258164490783,1.0617318892952343,-0.35859467694495284,-0.3586033128164116,2.0272121843299065,0.365365378979696
very_strong,21,0.8208628751831007,1.0619001781139317,-0.35774973282947314,-0.35775135635936317,2.0148038235412993,0.3636313519935933
very_strong,21,4.478295217903924,1.0627960409050738,-0.35315876627597076,-0.35315910404879075,1.9497101264067613,0.3623636902474346
very_strong,21,24.43176401932857,1.067109373877394,-0.32937288556707883,-0.32937298530367065,1.657801052039004,0.49579590369530485
very_strong,21,133.2898042785896,1.0810971546055315,-0.23641042969827963,-0.23641047454274391,0.9138587249226251,1.2000497575514497
very_strong,21,727.1751606052462,1.0992783459797664,-0.09067619913883657,-0.09067621486403483,0.2658228209437454,1.9100771526020373
very_strong,21,3967.1730111933575,1.1072876422121714,-0.02067428144572543,-0.020674284984412507,0.05465558465150146,2.1579834865280687
very_strong,21,21643.288375859152,1.1091560177664572,-0.003965641364307795,-0.003965642041606073,0.010247824186648031,2.211611881473584
very_strong,22,0.0,0.9668606340461642,4759.694102833572,-4760.392612991223,1.9981144852729429,0.30340634650698445
very_strong,22,2.164328837585915e-10,0.9676478274608296,989.6005964944984,-990.2984678896133,1.9980909632379473,0.3042127091100975
very_strong,22,1.1807701111066234e-09,0.9678088885546492,218.23313868682126,-218.93087939004727,1.9980861505732022,0.30438600035327346
very_strong,22,6.441803255913062e-09,0.9678458367026658,41.27793881848538,-41.975649540385824,1.998085046433392,0.30442615080082497
very_strong,22,3.514386822427365e-08,0.9678529237371771,7.336145600833603,-8.033850571945202,1.9980848341391408,0.3044338691099594
very_strong,22,1.9173070407442208e-07,0.9678542338862962,1.061653212247907,-1.759357119895046,1.9980847921132796,0.3044352972901938
very_strong,22,1.0460050285381821e-06,0.9678544746129769,-0.09024637502887554,-0.607457335355314,1.9980847692219301,0.30443556373069985
very_strong,22,5.706579574768928e-06,0.9678545198611676,-0.30144782285015864,-0.3962558403048583,1.998084682226726,0.30443563565365256
very_strong,22,3.1132785746432274e-05,0.9678545342157133,-0.3401626433213025,-0.3575409508319836,1.9980842145636153,0.3044357747010865
very_strong,22,0.00016984786344147342,0.9678545699089347,-0.3472588989257932,-0.3504443533652612,1.9980816644605632,0.30443648686119473
very_strong,22,0.0009266211173839248,0.9678547568236037,-0.34855873315613617,-0.3491426604150512,1.9980677524803119,0.30444036396867036
very_strong,22,0.005055269332120288,0.9678557750936224,-0.3487920911026981,-0.3488991632929238,1.9979918578253066,0.3044615251285662
very_strong,22,0.027579500985716685,0.9678613292449488,-0.348808138167238,-0.348827803735664,1.9975779093844037,0.3045772924601622
very_strong,22,0.15046258164490783,0.9678916049785818,-0.34866530533007023,-0.3486689494203597,1.9953226071478407,0.3052183698495648
very_strong,22,0.8208628751831007,0.9680560245715368,-0.34784496370794327,-0.3478456710221309,1.9831081786778038,0.30898985678237323
very_strong,22,4.478295217903924,0.9689312582143768,-0.34339694535894466,-0.3433971139774782,1.9190319733775283,0.3363684092912893
very_strong,22,24.43176401932857,0.9731445546314458,-0.32033475498463737,-0.32033482259631113,1.6316887759570253,0.554014321804981
very_strong,22,133.2898042785896,0.986801204075821,-0.23003713908825998,-0.23003717729581136,0.8994130533584138,1.2925958422097996
very_strong,22,727.1751606052462,1.0045414186414852,-0.0882666474985477,-0.08826666180490282,0.2616003595015479,1.9949763902597442
very_strong,22,3967.1730111933575,1.012353988916027,-0.02012735721800984,-0.02012736047926528,0.05378550741372915,2.2378601097308377
very_strong,22,21643.288375859152,1.0141763121510208,-0.003860830357166315,-0.0038608309828573354,0.010084602709336582,2.290275563739024
very_strong,23,0.0,1.0367084487615805,-42679.0908691507,42678.39943285833,1.996743044648445,0.326644074260706
very_strong,23,2.164328837585915e-10,1.0296504401253936,-8876.276933443884,8875.579769980257,1.9969539441451065,0.31773115611405434
very_strong,23,1.1807701111066234e-09,1.0282063597150408,-1960.164479338863,1959.4661440863906,1.996997094519119,0.3165398466090103
very_strong,23,6.441803255913062e-09,1.0278750811083337,-373.576855968802,372.87825190265625,1.9970069933183923,0.3162976876299031
very_strong,23,3.514386822427365e-08,1.027811538535043,-69.25333750627215,68.55468187901901,1.9970088914991846,0.3162525730232901
very_strong,23,1.9173070407442208e-07,1.0277997920688868,-12.995979856395008,12.297314697908845,1.9970092396180585,0.3162442800961117
very_strong,23,1.0460050285381821e-06,1.0277976358034224,-2.6680006178733056,1.9693337116318212,1.997009288359651,0.3162427587414354
very_strong,23,5.706579574768928e-06,1.0277972415624095,-0.7743596652775192,0.07569244966701263,1.9970092145442908,0.3162424771389732
very_strong,23,3.1132785746432274e-05,1.0277971753589557,-0.42724067630707635,-0.27142653554872354,1.9970087495475746,0.3162424107097492
very_strong,23,0.00016984786344147342,1.0277971963063857,-0.3636136579041386,-0.33505322339360305,1.997006201299505,0.3162423177434839
very_strong,23,0.0009266211173839248,1.027797380629887,-0.3519500277710671,-0.34671499330220035,1.9969922971128162,0.3162418603564166
very_strong,23,0.005055269332120288,1.0277983990343955,-0.3498071971808132,-0.34884766492890995,1.9969164445479768,0.31623938637870247
very_strong,23,0.027579500985716685,1.02780395653494,-0.3493876402268753,-0.3492117993283512,1.9965027255984054,0.3162262565993606
very_strong,23,0.15046258164490783,1.0278342510103193,-0.34916467191682365,-0.34913248012041664,1.9942486736532135,0.3161654803843453
very_strong,23,0.8208628751831007,1.027998772650127,-0.34832806597811655,-0.3483222047147313,1.982041015870819,0.3161524721351999
very_strong,23,4.478295217903924,1.0288745545251021,-0.34386867340808913,-0.3438676380887451,1.918000308681979,0.32472265299016423
very_strong,23,24.43176401932857,1.0330906020814423,-0.3207638896540189,-0.3207637366482014,1.6308158325092519,0.4950424956087474
very_strong,23,133.2898042785896,1.0467572249347932,-0.23032726970763698,-0.23032726751409077,0.8989398796365308,1.214796120499893
very_strong,23,727.1751606052462,1.064512057653093,-0.0883724552136498,-0.08837246212376823,0.2614659324356985,1.9181865837994623
very_strong,23,3967.1730111933575,1.0723314531713097,-0.020151096959560653,-0.020151098865853565,0.053758165428024765,2.1626582112095014
very_strong,23,21643.288375859152,1.0741553937482364,-0.003865368758034692,-0.003865369135396027,0.010079489210387007,2.2154884990956636
very_strong,24,0.0,0.9951032451091042,-48552.430520203445,48551.72138026213,2.0217790926057995,0.36607215840074886
very_strong,24,2.164328837585915e-10,0.987073932857132,-10097.766876014537,10097.05122074452,2.0220190155080493,0.3625268494784164
very_strong,24,1.1807701111066234e-09,0.985431122096861,-2229.878165511147,2229.1611771939442,2.022068104119338,0.36254664912612905
very_strong,24,6.441803255913062e-09,0.9850542538449267,-424.9487441093252,424.2314499850541,2.022079365176074,0.362587052957588
very_strong,24,3.514386822427365e-08,0.9849819667177167,-78.74506521587256,78.02771243478962,2.022081524645268,0.3625963317198444
very_strong,24,1.9173070407442208e-07,0.9849686037308936,-14.74572569192371,14.028362067904853,2.022081921031448,0.3625980996947998
very_strong,24,1.0460050285381821e-06,0.9849661507015853,-2.9964385321878693,2.2790729196688835,2.022081978445555,0.3625984195700383
very_strong,24,5.706579574768928e-06,0.9849657020722374,-0.8421999527364147,0.1248339870542643,2.02208190519125,0.36259844268362845
very_strong,24,3.1132785746432274e-05,0.9849656260271189,-0.44731141244213957,-0.27005455562241987,2.02208143468323,0.36259825271748447
very_strong,24,0.00016984786344147342,0.9849656458696304,-0.3749282379972426,-0.34243739031935777,2.0220788547964137,0.3625971584026824
very_strong,24,0.0009266211173839248,0.9849658338043563,-0.3616595903835237,-0.3557041197507219,2.0220647777149416,0.36259117799720636
very_strong,24,0.005055269332120288,0.9849668736765416,-0.3592224095901712,-0.3581308239575167,2.021987981895838,0.3625585599462428
very_strong,24,0.027579500985716685,0.9849725486033273,-0.358748061456201,-0.35854801661241925,2.0215691181855138,0.36238092318756454
very_strong,24,0.15046258164490783,0.9850034832754713,-0.3585104841490231,-0.3584738570004395,2.0192870360173507,0.3614211709436617
very_strong,24,0.8208628751831007,0.9851714829881141,-0.35764636144426015,-0.35763968837027066,2.0069275647270115,0.35646410063157813
very_strong,24,4.478295217903924,0.9860658163951164,-0.3530484999738286,-0.3530473170136136,1.942090299929406,0.33769234849493
very_strong,24,24.43176401932857,0.9903720009707727,-0.32924947309882874,-0.32924929409835996,1.651330279322217,0.4155236882863225
very_strong,24,133.2898042785896,1.0043386286129077,-0.23628739133242121,-0.23628738508086497,0.910307224340717,1.1004942530113602
very_strong,24,727.1751606052462,1.0224955172895038,-0.090618453132604,-0.09061845948808661,0.26479595270747924,1.8061441131944982
very_strong,24,3967.1730111933575,1.0304948512331487,-0.02066037366613371,-0.020660375486928076,0.054445024941347196,2.0525814016769344
very_strong,24,21643.288375859152,1.0323609513893506,-0.003962944244321966,-0.003962944606713421,0.010208369836969806,2.1058958407175092
very_strong,25,0.0,1.0244789321795185,-19802.351120337695,19801.676457350903,1.9925059582767206,0.32393908989870146
very_strong,25,2.164328837585915e-10,1.0212041689727887,-4118.577258461178,4117.899938190913,1.9926038110752398,0.32734244198961593
very_strong,25,1.1807701111066234e-09,1.0205341469257174,-909.650808142483,908.972944187564,1.9926238319051475,0.3281720335879015
very_strong,25,6.441803255913062e-09,1.0203804408247967,-173.50849927088478,172.83051059224744,1.9926284246820856,0.32836863684981177
very_strong,25,3.514386822427365e-08,1.0203509584500992,-32.30897506867835,31.630962466838586,1.9926293051152428,0.32840661486108225
very_strong,25,1.9173070407442208e-07,1.0203455083640953,-6.20677904651235,5.528762022578616,1.9926294650983691,0.3284136451442517
very_strong,25,1.0460050285381821e-06,1.020344508012662,-1.4148202719290799,0.7368024381211297,1.9926294793309216,0.328414937380673
very_strong,25,5.706579574768928e-06,1.0203443256883595,-0.536211862905017,-0.14180610873464397,1.992629399350718,0.3284151812307323
very_strong,25,3.1132785746432274e-05,1.0203442982174258,-0.3751561513028805,-0.3028617874496811,1.992628934109986,0.32841526361330914
very_strong,25,0.00016984786344147342,1.0203443256456184,-0.3456345072815243,-0.332383108184817,1.9926263906511021,0.32841548430799467
very_strong,25,0.0009266211173839248,1.020344507780568,-0.34022237191666727,-0.3377934534627215,1.9926125137139352,0.3284166467715787
very_strong,25,0.005055269332120288,1.0203455073637298,-0.3392256163101289,-0.33878043832339244,1.992536810010756,0.3284229921836854
very_strong,25,0.027579500985716685,1.0203509609342865,-0.33901715648681824,-0.33893559432062026,1.9921239030395006,0.32845794095795566
very_strong,25,0.15046258164490783,1.0203806885681477,-0.3388384634795934,-0.33882355138072207,1.9898742753297407,0.3286584593857499
very_strong,25,0.8208628751831007,1.0205421292582944,-0.3380403129695839,-0.338037617634183,1.977690589034566,0.33003992878692456
very_strong,25,4.478295217903924,1.0214014392651234,-0.33375024681963344,-0.3337497904284489,1.9137759281072515,0.34515922503250973
very_strong,25,24.43176401932857,1.0255365937022494,-0.31147458588164845,-0.31147453774453204,1.6271633526117255,0.5269105223760673
very_strong,25,133.2898042785896,1.038925937799162,-0.22391319590871908,-0.2239132121447074,0.8968122586042143,1.2383832283137088
very_strong,25,727.1751606052462,1.0562968441624916,-0.08599005119322409,-0.08599006127786388,0.26080143017757706,1.9267915479778175
very_strong,25,3967.1730111933575,1.0639416294790043,-0.019613369751839548,-0.019613372222949194,0.05361730983937274,2.1644683436971066
very_strong,25,21643.288375859152,1.065724479831417,-0.0037624410876510965,-0.003762441567804962,0.010052893196606594,2.215699086464807
very_strong,26,0.0,0.9788508377851289,-32189.21307809009,32188.53018790812,1.9894567948468274,0.3226450230845127
very_strong,26,2.164328837585915e-10,0.9735275947242051,-6694.68565557525,6693.998445885298,1.9896158580236,0.3247481102820945
very_strong,26,1.1807701111066234e-09,0.9724384502615917,-1478.4625638011614,1477.7744703326312,1.9896484025996404,0.32554341427485495
very_strong,26,6.441803255913062e-09,0.972188595574063,-281.8372843446771,281.14898813333696,1.9896558683809984,0.3257431319107278
very_strong,26,3.514386822427365e-08,0.9721406709301548,-52.31247905727349,51.62414395788322,1.9896572998862259,0.32578217405237175
very_strong,26,1.9173070407442208e-07,0.9721318115997867,-9.88243905964306,9.194096771758984,1.9896575617452552,0.32578941711294424
very_strong,26,1.0460050285381821e-06,0.9721301853656067,-2.092941107651557,1.4045975020656178,1.9896575947052964,0.3257907468857413
very_strong,26,5.706579574768928e-06,0.9721298882946007,-0.6647321623764788,-0.023611673930687138,1.9896575182932825,0.32579098626891756
very_strong,26,3.1132785746432274e-05,0.9721298398402278,-0.4029304425380067,-0.2854133767038592,1.9896570544403744,0.3257910058138669
very_strong,26,0.00016984786344147342,0.9721298636977463,-0.35494206852279864,-0.33340142375590753,1.9896545152389087,0.32579087663768863
very_strong,26,0.0009266211173839248,0.9721300466816817,-0.3461449932586703,-0.34219667237741574,1.989640660920841,0.32579012907532384
very_strong,26,0.005055269332120288,0.9721310546226846,-0.3445276866216555,-0.34380400581680093,1.9895650805011498,0.32578605454801063
very_strong,26,0.027579500985716685,0.9721365544678584,-0.3442049470865667,-0.34407233662041026,1.989152845921442,0.32576417498776167
very_strong,26,0.15046258164490783,0.9721665345218414,-0.34400239621894607,-0.343978127794493,1.9869068813680064,0.32565522768774463
very_strong,26,0.8208628751831007,0.9723293475717418,-0.34318405641259564,-0.34317964680731755,1.9747430280815572,0.3253669399243327
very_strong,26,4.478295217903924,0.9731960053466998,-0.3388058334913202,-0.3388050635894237,1.9109322357523588,0.33215017526784163
very_strong,26,24.43176401932857,0.9773674816350016,-0.316101755804944,-0.31610165084106806,1.6247814906456843,0.4932728019744098
very_strong,26,133.2898042785896,0.9908835179924452,-0.22708346334331578,-0.2270834695621692,0.8955672796827818,1.1993922124887486
very_strong,26,727.1751606052462,1.008433107216328,-0.0871597190851255,-0.08715972743426006,0.2604664625075803,1.8913579342749163
very_strong,26,3967.1730111933575,1.0161598711760476,-0.01987680128094091,-0.01987680344229656,0.05355095553317768,2.131218709563034
very_strong,26,21643.288375859152,1.017962058315862,-0.003812842265847485,-0.0038128426895843635,0.010040562569333113,2.1829932396423404
very_strong,27,0.0,1.055481276953998,25334.22269719252,-25334.929091709335,1.9654172101414156,0.3058263844090144
very_strong,27,2.164328837585915e-10,1.0596709890651932,5268.497895096259,-5269.20088990078,1.9652920178576903,0.30954218954061374
very_strong,27,1.1807701111066234e-09,1.0605282111939554,1163.016929269678,-1163.7192284873554,1.9652664032897282,0.3105350495046087
very_strong,27,6.441803255913062e-09,1.0607248618466898,221.20094065087278,-221.90308029775514,1.9652605271003374,0.3107737607670883
very_strong,27,3.514386822427365e-08,1.0607625814333514,40.551128955094484,-41.253237994618985,1.9652593994872767,0.3108200129457543
very_strong,27,1.9173070407442208e-07,1.0607695543272366,7.1561382649064855,-7.858241645966996,1.9652591883014638,0.31082857974548667
very_strong,27,1.0460050285381821e-06,1.0607708346455664,1.0253353826647726,-1.727437722864179,1.9652591346071906,0.3108301542977031
very_strong,27,5.706579574768928e-06,1.0607710705004656,-0.09875085435423665,-0.6033512837921163,1.9652590433403365,0.31083044991610903
very_strong,27,3.1132785746432274e-05,1.0607711197782137,-0.3048044811956006,-0.3972975587520506,1.9652585824016133,0.31083054177570524
very_strong,27,0.00016984786344147342,1.0607711617829754,-0.3425739102004728,-0.3595277780783148,1.965256074488546,0.31083076413814037
very_strong,27,0.0009266211173839248,1.0607713493642132,-0.34949607571569286,-0.35260372774210746,1.9652423936868042,0.31083192653911446
very_strong,27,0.005055269332120288,1.060772365081549,-0.35075993018250723,-0.3513295967304315,1.9651677603756939,0.310838270236556
very_strong,27,0.027579500985716685,1.0607779041767016,-0.3509645036992475,-0.35106896237451407,1.9647606916442175,0.3108732185082673
very_strong,27,0.15046258164490783,1.0608080977025989,-0.3508542571698898,-0.3508734441251984,1.962542871625237,0.31107400543422975
very_strong,27,0.8208628751831007,1.0609720729152743,-0.35002921145709354,-0.3500327681976336,1.950531433431808,0.3124647819757519
very_strong,27,4.478295217903924,1.0618450002995792,-0.34552413417891653,-0.34552482552577624,1.887519860505195,0.3278218576353261
very_strong,27,24.43176401932857,1.0660485210411887,-0.3221953790045396,-0.32219554279659524,1.6049453742408484,0.5110719511196826
very_strong,27,133.2898042785896,1.079685992262211,-0.23116037677298892,-0.23116043279675658,0.8847664899898218,1.2179903538876358
very_strong,27,727.1751606052462,1.0974209844554652,-0.0886323468409889,-0.08863236444863998,0.25737819210458684,1.9009777367666763
very_strong,27,3967.1730111933575,1.1052358453627835,-0.02020616003142265,-0.020206163900298467,0.05292093336018065,2.1375365606856422
very_strong,27,21643.288375859152,1.1070590027563314,-0.003875764501170994,-0.003875765238340008,0.009922652312274974,2.18860929260575
very_strong,28,0.0,1.0225971868777215,1005.098792886748,-1005.8411861724591,2.0281920045121544,0.3216027449009099
very_strong,28,2.164328837585915e-10,1.022763466740131,208.7371648010265,-209.47942316011728,2.028187035919703,0.32175877906841255
very_strong,28,1.1807701111066234e-09,1.0227974878792425,45.80023935894057,-46.542470111815994,2.0281860193201884,0.32179105634793365
very_strong,28,6.441803255913062e-09,1.0228052924844426,8.421768286958883,-9.163992706829706,2.0281857860136334,0.3217984777701097
very_strong,28,3.514386822427365e-08,1.0228067894936201,1.2522003010735696,-1.994423506136792,2.0281857407465287,0.3217999019689713
very_strong,28,1.9173070407442208e-07,1.0228070662702575,-0.07316867583766565,-0.6690543042547935,2.028185729556611,0.3218001651388557
very_strong,28,1.0460050285381821e-06,1.0228071172948134,-0.3164858842144879,-0.4257370523886933,2.0281857121038587,0.32180021272563375
very_strong,28,5.706579574768928e-06,1.0228071278103994,-0.36109822866407765,-0.3811246880272316,2.028185624892426,0.321800217478918
very_strong,28,3.1132785746432274e-05,1.0228071360676405,-0.3692759821419318,-0.3729468657694828,2.028185150569814,0.32180019668194576
very_strong,28,0.00016984786344147342,1.0228071721132335,-0.3707747853452518,-0.3714476946360867,2.028182563130779,0.32180007467008764
very_strong,28,0.0009266211173839248,1.022807367112216,-0.3710485443190442,-0.3711719297272974,2.0281684472780723,0.3217994078657376
very_strong,28,0.005055269332120288,1.0228084306153473,-0.37109343605838757,-0.37111609476588936,2.028091440393358,0.32179578205593584
very_strong,28,0.027579500985716685,1.0228142317143922,-0.3710728181985167,-0.37107701389229997,2.027671425545877,0.3217763667615327
very_strong,28,0.15046258164490783,1.022845853755872,-0.37091170908230703,-0.3709125205266776,2.025383071269202,0.32168130406249457
very_strong,28,0.8208628751831007,1.0230175893185594,-0.3700251846227001,-0.37002537566089505,2.0129896186915066,0.32148160461601233
very_strong,28,4.478295217903924,1.0239318941883433,-0.3652284057114822,-0.3652284825879393,1.9479737414951528,0.32907688336654645
very_strong,28,24.43176401932857,1.0283361201567578,-0.34043433154295355,-0.3404343849676189,1.6564048369698379,0.49695387581528555
very_strong,28,133.2898042785896,1.0426384530526103,-0.24401437572630963,-0.2440144130316156,0.9132402750130438,1.2179629931865397
very_strong,28,727.1751606052462,1.0612596413185171,-0.09348979143729921,-0.09348980602191989,0.2657033319099748,1.9225079195474302
very_strong,28,3967.1730111933575,1.0694700243997874,-0.021308549494672094,-0.021308552844424105,0.05463661467377576,2.1672193213215403
very_strong,28,21643.288375859152,1.071385782521082,-0.004087016849265107,-0.004087017492800418,0.010244513420481077,2.2201075699786483
very_strong,29,0.0,0.9660895535971731,-22439.968151768153,22439.2495057328,2.0078375144980054,0.28511043147964743
very_strong,29,2.164328837585915e-10,0.9623785974213281,-4667.141904301402,4666.4202470368755,2.0079484011257436,0.28439033112543327
very_strong,29,1.1807701111066234e-09,0.9616193295607722,-1030.791830353656,1030.0695569865889,2.007971088698859,0.2844466791648826
very_strong,29,6.441803255913062e-09,0.9614451500647782,-196.59660003435494,195.8741853305788,2.0079762932381384,0.28446936770532816
very_strong,29,3.514386822427365e-08,0.9614117406865649,-36.58953592009914,35.86709410658684,2.0079772910098157,0.2844741358387279
very_strong,29,1.9173070407442208e-07,0.9614055646547915,-7.010571146398479,6.288124321758673,2.0079774726641317,0.2844750318438758
very_strong,29,1.0460050285381821e-06,0.9614044310394028,-1.5803314964924966,0.8578837540062414,2.007977490765754,0.28447519625547407
very_strong,29,5.706579574768928e-06,0.9614042243271251,-0.5846939205837003,-0.13775397862974684,2.0079774108979436,0.28447522326122077
very_strong,29,3.1132785746432274e-05,0.9614041926369097,-0.4021858596589713,-0.32026200521395304,2.007976942420778,0.28447521099491335
very_strong,29,0.00016984786344147342,0.961404220662273,-0.36873199012955177,-0.3537155243649563,2.0079743805995935,0.2844751148314165
very_strong,29,0.0009266211173839248,0.9614044103838969,-0.3625990109674699,-0.359846562124075,2.0079604033566074,0.28447458529648395
very_strong,29,0.005055269332120288,0.9614054521493473,-0.36146972683612355,-0.36096524936454844,2.007884152425724,0.2844717089977741
very_strong,29,0.027579500985716685,0.9614111359653115,-0.3612347971518522,-0.3611423685184677,2.0074682607089693,0.2844564218739856
very_strong,29,0.15046258164490783,0.961442118873958,-0.3610393797441339,-0.3610224788549535,2.0052023705829494,0.28438504622043004
very_strong,29,0.8208628751831007,0.9616103818272888,-0.36017362267650627,-0.3601705658013458,1.9929305878840673,0.28434864663131576
very_strong,29,4.478295217903924,0.9625061538901541,-0.3555257963711998,-0.3555252766559026,1.9285531790613093,0.29369950939897516
very_strong,29,24.43176401932857,0.9668201009200508,-0.3314824724275401,-0.33148241535040973,1.639851850361935,0.4742498441889746
very_strong,29,133.2898042785896,0.9808197807690808,-0.2377566301526915,-0.23775664645248928,0.904039960453773,1.2021787779358177
very_strong,29,727.1751606052462,0.9990320281034591,-0.09114101433860812,-0.09114102487432835,0.26299697910967584,1.903015725311439
very_strong,29,3967.1730111933575,1.0070586375953023,-0.02077663860093161,-0.020776641191644737,0.05407736803669542,2.1456928115710534
very_strong,29,21643.288375859152,1.008931289105268,-0.003985131477667001,-0.003985131981339931,0.01013953277853632,2.1980967260513533
